bank_txn_id,bank_date,bank_amount,bank_narration,currency
BANK_9148,2026-08-17,16994.03,RAZORPAY/ORD_20260820_1148/NET_PAYOUT,INR
BANK_9128,2026-08-11,1439.23,RAZORPAY/ORD_20260818_1128/NET_PAYOUT,INR
BANK_9197,2026-08-04,2815.28,CMS/RAZORPAY/ORD_20260825_6197/UTIB7788,INR
BANK_9042,2026-08-13,10136.22,UPI/RAZORPAY/PAY/ORD_20260812_1042/UTIB42271,INR
BANK_9008,2026-08-03,8649.82,UPI/RAZORPAY/PAY/ORD_20260821_1008/UTIB39871,INR
BANK_9226,2026-08-11,6317.73,DIRECT_CREDIT_UNRECORDED_REF_916964,INR
BANK_9145,2026-08-12,9458.52,RAZORPAY_PAYOUT_ORD_20260822_11XX,INR
BANK_9160,2026-08-22,12877.04,NEFT-RAZORPAY-ORD_20260819_1160,INR
BANK_9181,2026-08-16,4728.16,RAZORPAY/OLD_EXP_ORD_20260822_1,INR
BANK_9194,2026-08-05,10565.74,RAZORPAY_PAYOUT_ORD_20260823_1188,INR
BANK_9035,2026-08-17,12982.35,CMS/RAZORPAY/ORD_20260817_1035/UTIB16630,INR
BANK_9012,2026-08-10,14476.89,NEFT-RAZORPAY-SETTL/ORD_20260818_1012/UTIB17331,INR
BANK_9111,2026-08-10,10731.32,CMS/RAZORPAY/ORD_20260818_1111/UTIB48829,INR
BANK_9032,2026-08-17,5524.56,CMS/RAZORPAY/ORD_20260823_1032/UTIB98259,INR
BANK_9067,2026-08-06,9297.36,NEFT-RAZORPAY-SETTL/ORD_20260820_1067/UTIB76469,INR
BANK_9110,2026-08-06,10989.99,CMS/RAZORPAY/ORD_20260813_1110/UTIB73464,INR
BANK_9152,2026-08-14,12477.1,NEFT-RAZORPAY-ORD_20260811_1152,INR
BANK_9038,2026-08-11,13655.82,UPI/RAZORPAY/PAY/ORD_20260818_1038/UTIB82845,INR
BANK_9046,2026-08-09,1538.85,NEFT-RAZORPAY-SETTL/ORD_20260813_1046/UTIB19016,INR
BANK_9001,2026-08-08,845.41,CMS/RAZORPAY/ORD_20260813_1001/UTIB23434,INR
BANK_9108,2026-08-12,14577.38,UPI/RAZORPAY/PAY/ORD_20260823_1108/UTIB69473,INR
BANK_9159,2026-08-08,17589.85,RAZORPAY/ORD_20260824_1159/NET_PAYOUT,INR
BANK_9052,2026-08-08,9543.38,NEFT-RAZORPAY-SETTL/ORD_20260814_1052/UTIB82309,INR
BANK_9136,2026-08-13,15131.02,NEFT-RAZORPAY-ORD_20260824_1136,INR
BANK_9043,2026-08-12,9291.41,CMS/RAZORPAY/ORD_20260811_1043/UTIB97782,INR
BANK_9117,2026-08-06,1709.09,NEFT-RAZORPAY-SETTL/ORD_20260819_1117/UTIB89471,INR
BANK_9179,2026-08-17,6467.39,RAZORPAY_ADJ_ORD_20260821_1179_REV,INR
BANK_9051,2026-08-09,1801.56,CMS/RAZORPAY/ORD_20260811_1051/UTIB53719,INR
BANK_9115,2026-08-10,3125.67,CMS/RAZORPAY/ORD_20260820_1115/UTIB18564,INR
BANK_9063,2026-08-02,8740.18,UPI/RAZORPAY/PAY/ORD_20260815_1063/UTIB66959,INR
BANK_9176,2026-08-17,3548.23,RAZORPAY/OLD_EXP_ORD_20260825_1,INR
BANK_9019,2026-08-11,10125.18,NEFT-RAZORPAY-SETTL/ORD_20260813_1019/UTIB24621,INR
BANK_9003,2026-08-14,8422.1,NEFT-RAZORPAY-SETTL/ORD_20260810_1003/UTIB87236,INR
BANK_9009,2026-08-05,14563.92,NEFT-RAZORPAY-SETTL/ORD_20260819_1009/UTIB69429,INR
BANK_9081,2026-08-05,13247.16,CMS/RAZORPAY/ORD_20260820_1081/UTIB60205,INR
BANK_9102,2026-08-11,5270.19,NEFT-RAZORPAY-SETTL/ORD_20260822_1102/UTIB37802,INR
BANK_9201,2026-08-13,12730.05,CMS/RAZORPAY/ORD_20260821_6201/UTIB7788,INR
BANK_9082,2026-08-15,10581.93,NEFT-RAZORPAY-SETTL/ORD_20260814_1082/UTIB81121,INR
BANK_9133,2026-08-18,9448.86,NEFT-RAZORPAY-ORD_20260811_1133,INR
BANK_9098,2026-08-17,6650.37,CMS/RAZORPAY/ORD_20260813_1098/UTIB67080,INR
BANK_9209,2026-08-13,4624.13,RAZORPAY_ADJ_ORD_20260824_1209_REV,INR
BANK_9056,2026-08-16,5487.63,UPI/RAZORPAY/PAY/ORD_20260813_1056/UTIB30257,INR
BANK_9084,2026-08-11,7267.89,NEFT-RAZORPAY-SETTL/ORD_20260822_1084/UTIB80545,INR
BANK_9066,2026-08-08,7837.88,NEFT-RAZORPAY-SETTL/ORD_20260810_1066/UTIB19171,INR
BANK_9106,2026-08-10,11817.57,NEFT-RAZORPAY-SETTL/ORD_20260824_1106/UTIB41890,INR
BANK_9059,2026-08-08,12883.49,NEFT-RAZORPAY-SETTL/ORD_20260822_1059/UTIB55830,INR
BANK_9163,2026-08-05,5649.34,RAZORPAY_ADJ_ORD_20260822_1163,INR
BANK_9004,2026-08-08,12053.19,NEFT-RAZORPAY-SETTL/ORD_20260818_1004/UTIB54597,INR
BANK_9196,2026-08-18,6287.42,RAZORPAY_ADJ_ORD_20260813_1196_REV,INR
BANK_9002,2026-08-01,8926.21,CMS/RAZORPAY/ORD_20260812_1002/UTIB40495,INR
BANK_9023,2026-08-10,2079.64,CMS/RAZORPAY/ORD_20260810_1023/UTIB41571,INR
BANK_9103,2026-08-11,11827.2,UPI/RAZORPAY/PAY/ORD_20260821_1103/UTIB46211,INR
BANK_9239,2026-08-09,15194.07,DIRECT_CREDIT_UNRECORDED_REF_469038,INR
BANK_9104,2026-08-03,7871.23,UPI/RAZORPAY/PAY/ORD_20260810_1104/UTIB63271,INR
BANK_9028,2026-08-10,5267.18,CMS/RAZORPAY/ORD_20260812_1028/UTIB10942,INR
BANK_9075,2026-08-17,10697.7,CMS/RAZORPAY/ORD_20260816_1075/UTIB29342,INR
BANK_9240,2026-08-03,8449.79,DIRECT_CREDIT_UNRECORDED_REF_573866,INR
BANK_9071,2026-08-09,7097.48,NEFT-RAZORPAY-SETTL/ORD_20260820_1071/UTIB32241,INR
BANK_9161,2026-08-16,4502.09,RAZORPAY_ADJ_ORD_20260819_1161,INR
BANK_9029,2026-08-08,10602.23,CMS/RAZORPAY/ORD_20260812_1029/UTIB53309,INR
BANK_9072,2026-08-11,4499.53,CMS/RAZORPAY/ORD_20260812_1072/UTIB98184,INR
BANK_9188,2026-08-13,7671.03,CMS/RAZORPAY/ORD_20260825_6188/UTIB7788,INR
BANK_9078,2026-08-16,13990.06,NEFT-RAZORPAY-SETTL/ORD_20260820_1078/UTIB30861,INR
BANK_9189,2026-08-11,11903.9,RAZORPAY_ADJ_ORD_20260824_1189_REV,INR
BANK_9092,2026-08-06,9366.73,UPI/RAZORPAY/PAY/ORD_20260810_1092/UTIB24993,INR
BANK_9198,2026-08-15,10111.26,RAZORPAY_PAYOUT_ORD_20260823_1188,INR
BANK_9172,2026-08-21,8103.98,RAZORPAY/OLD_EXP_ORD_20260818_1,INR
BANK_9210,2026-08-25,4733.28,RAZORPAY_ADJ_ORD_20260823_1210_REV,INR
BANK_9062,2026-08-11,10094.18,CMS/RAZORPAY/ORD_20260822_1062/UTIB44237,INR
BANK_9007,2026-08-05,14317.98,NEFT-RAZORPAY-SETTL/ORD_20260813_1007/UTIB92397,INR
BANK_9146,2026-08-16,5284.45,RAZORPAY/ORD_20260822_1146/NET_PAYOUT,INR
BANK_9018,2026-08-11,8957.57,CMS/RAZORPAY/ORD_20260822_1018/UTIB99166,INR
BANK_9026,2026-08-09,13620.02,NEFT-RAZORPAY-SETTL/ORD_20260816_1026/UTIB62296,INR
BANK_9121,2026-08-17,3503.36,RAZORPAY_ADJ_ORD_20260812_1121,INR
BANK_9054,2026-08-06,12286.59,CMS/RAZORPAY/ORD_20260811_1054/UTIB15482,INR
BANK_9118,2026-08-16,11512.61,NEFT-RAZORPAY-SETTL/ORD_20260817_1118/UTIB87139,INR
BANK_9124,2026-08-11,11119.76,NEFT-RAZORPAY-ORD_20260813_1124,INR
BANK_9127,2026-08-06,8723.98,RAZORPAY_ADJ_ORD_20260825_1127,INR
BANK_9091,2026-08-02,11532.18,CMS/RAZORPAY/ORD_20260812_1091/UTIB36130,INR
BANK_9060,2026-08-08,12211.81,UPI/RAZORPAY/PAY/ORD_20260819_1060/UTIB35313,INR
BANK_9120,2026-08-03,9378.57,CMS/RAZORPAY/ORD_20260816_1120/UTIB32782,INR
BANK_9236,2026-08-11,21741.92,DIRECT_CREDIT_UNRECORDED_REF_757685,INR
BANK_9048,2026-08-12,9929.42,CMS/RAZORPAY/ORD_20260810_1048/UTIB27601,INR
BANK_9170,2026-08-04,9700.33,RAZORPAY_PAYOUT_ORD_20260813_11XX,INR
BANK_9061,2026-08-10,5180.9,UPI/RAZORPAY/PAY/ORD_20260822_1061/UTIB76768,INR
BANK_9192,2026-08-06,8413.47,RAZORPAY_PAYOUT_ORD_20260812_1188,INR
BANK_9180,2026-08-13,8896.5,CMS/RAZORPAY/ORD_20260821_6180/UTIB7788,INR
BANK_9069,2026-08-15,3199.64,UPI/RAZORPAY/PAY/ORD_20260814_1069/UTIB32810,INR
BANK_9030,2026-08-16,7796.15,UPI/RAZORPAY/PAY/ORD_20260812_1030/UTIB27342,INR
BANK_9132,2026-08-14,13461.45,RAZORPAY_ADJ_ORD_20260823_1132,INR
BANK_9156,2026-08-07,11517.58,RAZORPAY_PAYOUT_ORD_20260823_11XX,INR
BANK_9079,2026-08-11,6920.62,NEFT-RAZORPAY-SETTL/ORD_20260825_1079/UTIB92149,INR
BANK_9177,2026-08-17,9484.61,RAZORPAY_PAYOUT_ORD_20260824_1188,INR
BANK_9031,2026-08-14,3942.99,CMS/RAZORPAY/ORD_20260825_1031/UTIB22704,INR
BANK_9126,2026-08-14,9227.21,RAZORPAY_ADJ_ORD_20260813_1126,INR
BANK_9175,2026-08-11,3179.65,RAZORPAY_ADJ_ORD_20260823_1175_REV,INR
BANK_9137,2026-08-19,9088.42,RAZORPAY/ORD_20260819_1137/NET_PAYOUT,INR
BANK_9053,2026-08-05,8503.65,CMS/RAZORPAY/ORD_20260823_1053/UTIB81511,INR
BANK_9006,2026-08-09,12468.95,UPI/RAZORPAY/PAY/ORD_20260821_1006/UTIB70217,INR
BANK_9057,2026-08-14,12841.23,CMS/RAZORPAY/ORD_20260817_1057/UTIB53540,INR
BANK_9139,2026-08-08,18974.36,RAZORPAY_ADJ_ORD_20260817_1139,INR
BANK_9151,2026-08-21,16839.87,NEFT-RAZORPAY-ORD_20260812_1151,INR
BANK_9112,2026-08-03,5618.12,UPI/RAZORPAY/PAY/ORD_20260817_1112/UTIB26591,INR
BANK_9237,2026-08-11,4622.98,DIRECT_CREDIT_UNRECORDED_REF_171603,INR
BANK_9089,2026-08-14,6951.28,NEFT-RAZORPAY-SETTL/ORD_20260816_1089/UTIB43065,INR
BANK_9227,2026-08-06,2833.11,DIRECT_CREDIT_UNRECORDED_REF_763984,INR
BANK_9232,2026-08-05,19245.17,DIRECT_CREDIT_UNRECORDED_REF_787351,INR
BANK_9200,2026-08-08,5727.74,RAZORPAY_PAYOUT_ORD_20260819_1288,INR
BANK_9204,2026-08-17,4621.1,RAZORPAY/OLD_EXP_ORD_20260821_1,INR
BANK_9077,2026-08-05,1209.75,CMS/RAZORPAY/ORD_20260824_1077/UTIB70901,INR
BANK_9168,2026-08-18,4718.8,NEFT-RAZORPAY-ORD_20260815_1168,INR
BANK_9138,2026-08-11,14043.72,RAZORPAY/ORD_20260817_1138/NET_PAYOUT,INR
BANK_9123,2026-08-11,13779.1,RAZORPAY_PAYOUT_ORD_20260812_11XX,INR
BANK_9185,2026-08-06,4846.64,RAZORPAY_PAYOUT_ORD_20260814_1188,INR
BANK_9044,2026-08-07,3881.73,UPI/RAZORPAY/PAY/ORD_20260820_1044/UTIB49321,INR
BANK_9206,2026-08-14,6374.64,RAZORPAY_PAYOUT_ORD_20260816_1288,INR
BANK_9140,2026-08-18,10259.75,NEFT-RAZORPAY-ORD_20260814_1140,INR
BANK_9068,2026-08-15,9966.55,NEFT-RAZORPAY-SETTL/ORD_20260819_1068/UTIB82667,INR
BANK_9114,2026-08-11,1957.71,NEFT-RAZORPAY-SETTL/ORD_20260825_1114/UTIB67733,INR
BANK_9238,2026-08-16,11612.99,DIRECT_CREDIT_UNRECORDED_REF_417530,INR
BANK_9107,2026-08-18,9924.87,UPI/RAZORPAY/PAY/ORD_20260819_1107/UTIB55056,INR
BANK_9070,2026-08-11,6292.27,CMS/RAZORPAY/ORD_20260819_1070/UTIB66346,INR
BANK_9164,2026-08-13,12283.55,RAZORPAY_PAYOUT_ORD_20260817_11XX,INR
BANK_9171,2026-08-14,3110.46,CMS/RAZORPAY/ORD_20260821_6171/UTIB7788,INR
BANK_9013,2026-08-14,12167.82,CMS/RAZORPAY/ORD_20260817_1013/UTIB37653,INR
BANK_9231,2026-08-09,5734.52,DIRECT_CREDIT_UNRECORDED_REF_731661,INR
BANK_9165,2026-08-08,13405.21,RAZORPAY/ORD_20260818_1165/NET_PAYOUT,INR
BANK_9076,2026-08-14,13241.92,CMS/RAZORPAY/ORD_20260810_1076/UTIB77889,INR
BANK_9235,2026-08-15,17347.2,DIRECT_CREDIT_UNRECORDED_REF_691912,INR
BANK_9040,2026-08-04,11175.47,NEFT-RAZORPAY-SETTL/ORD_20260811_1040/UTIB75909,INR
BANK_9036,2026-08-07,14332.19,NEFT-RAZORPAY-SETTL/ORD_20260810_1036/UTIB73092,INR
BANK_9058,2026-08-09,11829.1,CMS/RAZORPAY/ORD_20260823_1058/UTIB24168,INR
BANK_9050,2026-08-11,10741.8,NEFT-RAZORPAY-SETTL/ORD_20260816_1050/UTIB42914,INR
BANK_9125,2026-08-18,2090.46,NEFT-RAZORPAY-ORD_20260812_1125,INR
BANK_9195,2026-08-25,12851.32,RAZORPAY/OLD_EXP_ORD_20260823_1,INR
BANK_9055,2026-08-12,5700.64,UPI/RAZORPAY/PAY/ORD_20260819_1055/UTIB42706,INR
BANK_9047,2026-08-17,5770.27,UPI/RAZORPAY/PAY/ORD_20260817_1047/UTIB49651,INR
BANK_9187,2026-08-15,2627.57,CMS/RAZORPAY/ORD_20260818_6187/UTIB7788,INR
BANK_9141,2026-08-11,18889.22,RAZORPAY_ADJ_ORD_20260825_1141,INR
BANK_9005,2026-08-04,2699.36,NEFT-RAZORPAY-SETTL/ORD_20260818_1005/UTIB22676,INR
BANK_9093,2026-08-12,7098.13,UPI/RAZORPAY/PAY/ORD_20260816_1093/UTIB89593,INR
BANK_9131,2026-08-13,8464.52,RAZORPAY/ORD_20260821_1131/NET_PAYOUT,INR
BANK_9109,2026-08-06,4871.84,CMS/RAZORPAY/ORD_20260818_1109/UTIB51359,INR
BANK_9233,2026-08-03,5251.51,DIRECT_CREDIT_UNRECORDED_REF_910389,INR
BANK_9184,2026-08-17,10470.55,RAZORPAY_ADJ_ORD_20260816_1184_REV,INR
BANK_9033,2026-08-11,1344.41,CMS/RAZORPAY/ORD_20260813_1033/UTIB35112,INR
BANK_9205,2026-08-02,11399.95,CMS/RAZORPAY/ORD_20260814_6205/UTIB7788,INR
BANK_9097,2026-08-11,9940.68,NEFT-RAZORPAY-SETTL/ORD_20260823_1097/UTIB74251,INR
BANK_9144,2026-08-19,16820.36,RAZORPAY_ADJ_ORD_20260825_1144,INR
BANK_9173,2026-08-17,10557.42,CMS/RAZORPAY/ORD_20260813_6173/UTIB7788,INR
BANK_9193,2026-08-22,14981.56,RAZORPAY/OLD_EXP_ORD_20260820_1,INR
BANK_9034,2026-08-14,8152.0,NEFT-RAZORPAY-SETTL/ORD_20260816_1034/UTIB70637,INR
BANK_9101,2026-08-17,13084.4,UPI/RAZORPAY/PAY/ORD_20260818_1101/UTIB97580,INR
BANK_9080,2026-08-10,4414.44,NEFT-RAZORPAY-SETTL/ORD_20260817_1080/UTIB54020,INR
BANK_9090,2026-08-03,7136.46,CMS/RAZORPAY/ORD_20260812_1090/UTIB95215,INR
BANK_9037,2026-08-07,12841.87,CMS/RAZORPAY/ORD_20260816_1037/UTIB61173,INR
BANK_9150,2026-08-17,15532.0,NEFT-RAZORPAY-ORD_20260825_1150,INR
BANK_9021,2026-08-12,7743.46,UPI/RAZORPAY/PAY/ORD_20260815_1021/UTIB89818,INR
BANK_9169,2026-08-23,17999.59,NEFT-RAZORPAY-ORD_20260818_1169,INR
BANK_9199,2026-08-15,7193.7,CMS/RAZORPAY/ORD_20260813_6199/UTIB7788,INR
BANK_9202,2026-08-10,10407.4,RAZORPAY_ADJ_ORD_20260818_1202_REV,INR
BANK_9065,2026-08-09,13339.68,UPI/RAZORPAY/PAY/ORD_20260822_1065/UTIB67154,INR
BANK_9178,2026-08-10,9803.41,CMS/RAZORPAY/ORD_20260825_6178/UTIB7788,INR
BANK_9229,2026-08-12,9426.39,DIRECT_CREDIT_UNRECORDED_REF_958729,INR
BANK_9143,2026-08-11,18228.92,RAZORPAY/ORD_20260820_1143/NET_PAYOUT,INR
BANK_9025,2026-08-11,14015.87,UPI/RAZORPAY/PAY/ORD_20260825_1025/UTIB65461,INR
BANK_9085,2026-08-15,7427.74,CMS/RAZORPAY/ORD_20260817_1085/UTIB60968,INR
BANK_9017,2026-08-16,9358.02,CMS/RAZORPAY/ORD_20260814_1017/UTIB60432,INR
BANK_9086,2026-08-07,9994.7,CMS/RAZORPAY/ORD_20260820_1086/UTIB91560,INR
BANK_9191,2026-08-16,8206.03,CMS/RAZORPAY/ORD_20260813_6191/UTIB7788,INR
BANK_9162,2026-08-13,11506.81,RAZORPAY/ORD_20260821_1162/NET_PAYOUT,INR
BANK_9014,2026-08-15,3511.42,NEFT-RAZORPAY-SETTL/ORD_20260820_1014/UTIB28726,INR
BANK_9154,2026-08-07,17801.76,NEFT-RAZORPAY-ORD_20260819_1154,INR
BANK_9174,2026-08-24,8679.43,RAZORPAY_ADJ_ORD_20260820_1174_REV,INR
BANK_9087,2026-08-01,13309.21,UPI/RAZORPAY/PAY/ORD_20260810_1087/UTIB66179,INR
BANK_9105,2026-08-18,8421.81,UPI/RAZORPAY/PAY/ORD_20260825_1105/UTIB74332,INR
BANK_9100,2026-08-10,6645.43,CMS/RAZORPAY/ORD_20260824_1100/UTIB21359,INR
BANK_9073,2026-08-05,3700.93,CMS/RAZORPAY/ORD_20260819_1073/UTIB42092,INR
BANK_9096,2026-08-06,1938.02,CMS/RAZORPAY/ORD_20260817_1096/UTIB55508,INR
BANK_9094,2026-08-10,11601.31,UPI/RAZORPAY/PAY/ORD_20260813_1094/UTIB13365,INR
BANK_9041,2026-08-03,1291.63,CMS/RAZORPAY/ORD_20260815_1041/UTIB87992,INR
BANK_9157,2026-08-15,12328.73,RAZORPAY_PAYOUT_ORD_20260812_11XX,INR
BANK_9134,2026-08-16,18819.87,RAZORPAY/ORD_20260813_1134/NET_PAYOUT,INR
BANK_9135,2026-08-15,8674.67,NEFT-RAZORPAY-ORD_20260824_1135,INR
BANK_9186,2026-08-13,3221.87,RAZORPAY_PAYOUT_ORD_20260813_1188,INR
BANK_9113,2026-08-12,1142.58,CMS/RAZORPAY/ORD_20260818_1113/UTIB93606,INR
BANK_9182,2026-08-02,10135.32,CMS/RAZORPAY/ORD_20260816_6182/UTIB7788,INR
BANK_9064,2026-08-16,10842.62,UPI/RAZORPAY/PAY/ORD_20260821_1064/UTIB25157,INR
BANK_9208,2026-08-26,7955.26,RAZORPAY/OLD_EXP_ORD_20260812_1,INR
BANK_9045,2026-08-02,5008.3,UPI/RAZORPAY/PAY/ORD_20260824_1045/UTIB83792,INR
BANK_9234,2026-08-16,12134.87,DIRECT_CREDIT_UNRECORDED_REF_691119,INR
BANK_9230,2026-08-05,6670.45,DIRECT_CREDIT_UNRECORDED_REF_253557,INR
BANK_9022,2026-08-03,2675.43,NEFT-RAZORPAY-SETTL/ORD_20260816_1022/UTIB74042,INR
BANK_9183,2026-08-08,14557.58,CMS/RAZORPAY/ORD_20260817_6183/UTIB7788,INR
BANK_9088,2026-08-03,12873.3,NEFT-RAZORPAY-SETTL/ORD_20260814_1088/UTIB52906,INR
BANK_9027,2026-08-15,6681.14,CMS/RAZORPAY/ORD_20260821_1027/UTIB39451,INR
BANK_9207,2026-08-06,11829.85,RAZORPAY_PAYOUT_ORD_20260820_1288,INR
BANK_9016,2026-08-16,5662.72,CMS/RAZORPAY/ORD_20260822_1016/UTIB24371,INR
BANK_9039,2026-08-07,2689.66,UPI/RAZORPAY/PAY/ORD_20260825_1039/UTIB81066,INR
BANK_9129,2026-08-09,11378.08,RAZORPAY_ADJ_ORD_20260818_1129,INR
BANK_9122,2026-08-18,1587.76,NEFT-RAZORPAY-ORD_20260819_1122,INR
BANK_9155,2026-08-15,7654.58,RAZORPAY_PAYOUT_ORD_20260819_11XX,INR
BANK_9083,2026-08-15,6430.8,UPI/RAZORPAY/PAY/ORD_20260824_1083/UTIB12560,INR
BANK_9049,2026-08-06,2141.11,NEFT-RAZORPAY-SETTL/ORD_20260818_1049/UTIB89276,INR
BANK_9167,2026-08-18,2658.28,NEFT-RAZORPAY-ORD_20260814_1167,INR
BANK_9147,2026-08-07,7681.1,RAZORPAY_ADJ_ORD_20260822_1147,INR
BANK_9116,2026-08-02,7439.57,CMS/RAZORPAY/ORD_20260822_1116/UTIB83772,INR
BANK_9011,2026-08-08,9192.41,NEFT-RAZORPAY-SETTL/ORD_20260812_1011/UTIB59735,INR
BANK_9190,2026-08-28,3084.92,RAZORPAY/OLD_EXP_ORD_20260824_1,INR
BANK_9203,2026-08-19,4625.25,RAZORPAY_ADJ_ORD_20260810_1203_REV,INR
BANK_9142,2026-08-07,18001.45,RAZORPAY/ORD_20260816_1142/NET_PAYOUT,INR
BANK_9149,2026-08-15,14431.9,RAZORPAY_PAYOUT_ORD_20260810_11XX,INR
BANK_9119,2026-08-04,4804.81,UPI/RAZORPAY/PAY/ORD_20260823_1119/UTIB23006,INR
BANK_9099,2026-08-11,10861.53,UPI/RAZORPAY/PAY/ORD_20260815_1099/UTIB73372,INR
BANK_9130,2026-08-17,3870.15,RAZORPAY_ADJ_ORD_20260818_1130,INR
BANK_9153,2026-08-07,8973.3,RAZORPAY/ORD_20260812_1153/NET_PAYOUT,INR
BANK_9158,2026-08-11,5063.99,RAZORPAY_ADJ_ORD_20260814_1158,INR
BANK_9024,2026-08-05,1707.14,CMS/RAZORPAY/ORD_20260812_1024/UTIB26828,INR
BANK_9166,2026-08-18,6658.17,RAZORPAY/ORD_20260811_1166/NET_PAYOUT,INR
BANK_9020,2026-08-03,6668.02,UPI/RAZORPAY/PAY/ORD_20260819_1020/UTIB44522,INR
BANK_9074,2026-08-16,9223.02,UPI/RAZORPAY/PAY/ORD_20260825_1074/UTIB85454,INR
BANK_9228,2026-08-04,13734.52,DIRECT_CREDIT_UNRECORDED_REF_303322,INR
BANK_9095,2026-08-15,8672.07,CMS/RAZORPAY/ORD_20260819_1095/UTIB19961,INR
BANK_9015,2026-08-11,2461.52,UPI/RAZORPAY/PAY/ORD_20260818_1015/UTIB66155,INR
BANK_9010,2026-08-09,2801.31,NEFT-RAZORPAY-SETTL/ORD_20260821_1010/UTIB99593,INR
