ledger_txn_id,bank_txn_id,category,expected_match
LEDGER_1001,BANK_9001,CLEAR_MATCH,True
LEDGER_1002,BANK_9002,CLEAR_MATCH,True
LEDGER_1003,BANK_9003,CLEAR_MATCH,True
LEDGER_1004,BANK_9004,CLEAR_MATCH,True
LEDGER_1005,BANK_9005,CLEAR_MATCH,True
LEDGER_1006,BANK_9006,CLEAR_MATCH,True
LEDGER_1007,BANK_9007,CLEAR_MATCH,True
LEDGER_1008,BANK_9008,CLEAR_MATCH,True
LEDGER_1009,BANK_9009,CLEAR_MATCH,True
LEDGER_1010,BANK_9010,CLEAR_MATCH,True
LEDGER_1011,BANK_9011,CLEAR_MATCH,True
LEDGER_1012,BANK_9012,CLEAR_MATCH,True
LEDGER_1013,BANK_9013,CLEAR_MATCH,True
LEDGER_1014,BANK_9014,CLEAR_MATCH,True
LEDGER_1015,BANK_9015,CLEAR_MATCH,True
LEDGER_1016,BANK_9016,CLEAR_MATCH,True
LEDGER_1017,BANK_9017,CLEAR_MATCH,True
LEDGER_1018,BANK_9018,CLEAR_MATCH,True
LEDGER_1019,BANK_9019,CLEAR_MATCH,True
LEDGER_1020,BANK_9020,CLEAR_MATCH,True
LEDGER_1021,BANK_9021,CLEAR_MATCH,True
LEDGER_1022,BANK_9022,CLEAR_MATCH,True
LEDGER_1023,BANK_9023,CLEAR_MATCH,True
LEDGER_1024,BANK_9024,CLEAR_MATCH,True
LEDGER_1025,BANK_9025,CLEAR_MATCH,True
LEDGER_1026,BANK_9026,CLEAR_MATCH,True
LEDGER_1027,BANK_9027,CLEAR_MATCH,True
LEDGER_1028,BANK_9028,CLEAR_MATCH,True
LEDGER_1029,BANK_9029,CLEAR_MATCH,True
LEDGER_1030,BANK_9030,CLEAR_MATCH,True
LEDGER_1031,BANK_9031,CLEAR_MATCH,True
LEDGER_1032,BANK_9032,CLEAR_MATCH,True
LEDGER_1033,BANK_9033,CLEAR_MATCH,True
LEDGER_1034,BANK_9034,CLEAR_MATCH,True
LEDGER_1035,BANK_9035,CLEAR_MATCH,True
LEDGER_1036,BANK_9036,CLEAR_MATCH,True
LEDGER_1037,BANK_9037,CLEAR_MATCH,True
LEDGER_1038,BANK_9038,CLEAR_MATCH,True
LEDGER_1039,BANK_9039,CLEAR_MATCH,True
LEDGER_1040,BANK_9040,CLEAR_MATCH,True
LEDGER_1041,BANK_9041,CLEAR_MATCH,True
LEDGER_1042,BANK_9042,CLEAR_MATCH,True
LEDGER_1043,BANK_9043,CLEAR_MATCH,True
LEDGER_1044,BANK_9044,CLEAR_MATCH,True
LEDGER_1045,BANK_9045,CLEAR_MATCH,True
LEDGER_1046,BANK_9046,CLEAR_MATCH,True
LEDGER_1047,BANK_9047,CLEAR_MATCH,True
LEDGER_1048,BANK_9048,CLEAR_MATCH,True
LEDGER_1049,BANK_9049,CLEAR_MATCH,True
LEDGER_1050,BANK_9050,CLEAR_MATCH,True
LEDGER_1051,BANK_9051,CLEAR_MATCH,True
LEDGER_1052,BANK_9052,CLEAR_MATCH,True
LEDGER_1053,BANK_9053,CLEAR_MATCH,True
LEDGER_1054,BANK_9054,CLEAR_MATCH,True
LEDGER_1055,BANK_9055,CLEAR_MATCH,True
LEDGER_1056,BANK_9056,CLEAR_MATCH,True
LEDGER_1057,BANK_9057,CLEAR_MATCH,True
LEDGER_1058,BANK_9058,CLEAR_MATCH,True
LEDGER_1059,BANK_9059,CLEAR_MATCH,True
LEDGER_1060,BANK_9060,CLEAR_MATCH,True
LEDGER_1061,BANK_9061,CLEAR_MATCH,True
LEDGER_1062,BANK_9062,CLEAR_MATCH,True
LEDGER_1063,BANK_9063,CLEAR_MATCH,True
LEDGER_1064,BANK_9064,CLEAR_MATCH,True
LEDGER_1065,BANK_9065,CLEAR_MATCH,True
LEDGER_1066,BANK_9066,CLEAR_MATCH,True
LEDGER_1067,BANK_9067,CLEAR_MATCH,True
LEDGER_1068,BANK_9068,CLEAR_MATCH,True
LEDGER_1069,BANK_9069,CLEAR_MATCH,True
LEDGER_1070,BANK_9070,CLEAR_MATCH,True
LEDGER_1071,BANK_9071,CLEAR_MATCH,True
LEDGER_1072,BANK_9072,CLEAR_MATCH,True
LEDGER_1073,BANK_9073,CLEAR_MATCH,True
LEDGER_1074,BANK_9074,CLEAR_MATCH,True
LEDGER_1075,BANK_9075,CLEAR_MATCH,True
LEDGER_1076,BANK_9076,CLEAR_MATCH,True
LEDGER_1077,BANK_9077,CLEAR_MATCH,True
LEDGER_1078,BANK_9078,CLEAR_MATCH,True
LEDGER_1079,BANK_9079,CLEAR_MATCH,True
LEDGER_1080,BANK_9080,CLEAR_MATCH,True
LEDGER_1081,BANK_9081,CLEAR_MATCH,True
LEDGER_1082,BANK_9082,CLEAR_MATCH,True
LEDGER_1083,BANK_9083,CLEAR_MATCH,True
LEDGER_1084,BANK_9084,CLEAR_MATCH,True
LEDGER_1085,BANK_9085,CLEAR_MATCH,True
LEDGER_1086,BANK_9086,CLEAR_MATCH,True
LEDGER_1087,BANK_9087,CLEAR_MATCH,True
LEDGER_1088,BANK_9088,CLEAR_MATCH,True
LEDGER_1089,BANK_9089,CLEAR_MATCH,True
LEDGER_1090,BANK_9090,CLEAR_MATCH,True
LEDGER_1091,BANK_9091,CLEAR_MATCH,True
LEDGER_1092,BANK_9092,CLEAR_MATCH,True
LEDGER_1093,BANK_9093,CLEAR_MATCH,True
LEDGER_1094,BANK_9094,CLEAR_MATCH,True
LEDGER_1095,BANK_9095,CLEAR_MATCH,True
LEDGER_1096,BANK_9096,CLEAR_MATCH,True
LEDGER_1097,BANK_9097,CLEAR_MATCH,True
LEDGER_1098,BANK_9098,CLEAR_MATCH,True
LEDGER_1099,BANK_9099,CLEAR_MATCH,True
LEDGER_1100,BANK_9100,CLEAR_MATCH,True
LEDGER_1101,BANK_9101,CLEAR_MATCH,True
LEDGER_1102,BANK_9102,CLEAR_MATCH,True
LEDGER_1103,BANK_9103,CLEAR_MATCH,True
LEDGER_1104,BANK_9104,CLEAR_MATCH,True
LEDGER_1105,BANK_9105,CLEAR_MATCH,True
LEDGER_1106,BANK_9106,CLEAR_MATCH,True
LEDGER_1107,BANK_9107,CLEAR_MATCH,True
LEDGER_1108,BANK_9108,CLEAR_MATCH,True
LEDGER_1109,BANK_9109,CLEAR_MATCH,True
LEDGER_1110,BANK_9110,CLEAR_MATCH,True
LEDGER_1111,BANK_9111,CLEAR_MATCH,True
LEDGER_1112,BANK_9112,CLEAR_MATCH,True
LEDGER_1113,BANK_9113,CLEAR_MATCH,True
LEDGER_1114,BANK_9114,CLEAR_MATCH,True
LEDGER_1115,BANK_9115,CLEAR_MATCH,True
LEDGER_1116,BANK_9116,CLEAR_MATCH,True
LEDGER_1117,BANK_9117,CLEAR_MATCH,True
LEDGER_1118,BANK_9118,CLEAR_MATCH,True
LEDGER_1119,BANK_9119,CLEAR_MATCH,True
LEDGER_1120,BANK_9120,CLEAR_MATCH,True
LEDGER_1121,BANK_9121,AMBIGUOUS_POS_PARTIAL_AMOUNT_DELTA,True
LEDGER_1122,BANK_9122,AMBIGUOUS_POS_SETTLEMENT_LAG,True
LEDGER_1123,BANK_9123,AMBIGUOUS_POS_NARRATION_TYPO,True
LEDGER_1124,BANK_9124,AMBIGUOUS_POS_SETTLEMENT_LAG,True
LEDGER_1125,BANK_9125,AMBIGUOUS_POS_SETTLEMENT_LAG,True
LEDGER_1126,BANK_9126,AMBIGUOUS_POS_PARTIAL_AMOUNT_DELTA,True
LEDGER_1127,BANK_9127,AMBIGUOUS_POS_PARTIAL_AMOUNT_DELTA,True
LEDGER_1128,BANK_9128,AMBIGUOUS_POS_FEE_VARIATION,True
LEDGER_1129,BANK_9129,AMBIGUOUS_POS_PARTIAL_AMOUNT_DELTA,True
LEDGER_1130,BANK_9130,AMBIGUOUS_POS_PARTIAL_AMOUNT_DELTA,True
LEDGER_1131,BANK_9131,AMBIGUOUS_POS_FEE_VARIATION,True
LEDGER_1132,BANK_9132,AMBIGUOUS_POS_PARTIAL_AMOUNT_DELTA,True
LEDGER_1133,BANK_9133,AMBIGUOUS_POS_SETTLEMENT_LAG,True
LEDGER_1134,BANK_9134,AMBIGUOUS_POS_FEE_VARIATION,True
LEDGER_1135,BANK_9135,AMBIGUOUS_POS_SETTLEMENT_LAG,True
LEDGER_1136,BANK_9136,AMBIGUOUS_POS_SETTLEMENT_LAG,True
LEDGER_1137,BANK_9137,AMBIGUOUS_POS_FEE_VARIATION,True
LEDGER_1138,BANK_9138,AMBIGUOUS_POS_FEE_VARIATION,True
LEDGER_1139,BANK_9139,AMBIGUOUS_POS_PARTIAL_AMOUNT_DELTA,True
LEDGER_1140,BANK_9140,AMBIGUOUS_POS_SETTLEMENT_LAG,True
LEDGER_1141,BANK_9141,AMBIGUOUS_POS_PARTIAL_AMOUNT_DELTA,True
LEDGER_1142,BANK_9142,AMBIGUOUS_POS_FEE_VARIATION,True
LEDGER_1143,BANK_9143,AMBIGUOUS_POS_FEE_VARIATION,True
LEDGER_1144,BANK_9144,AMBIGUOUS_POS_PARTIAL_AMOUNT_DELTA,True
LEDGER_1145,BANK_9145,AMBIGUOUS_POS_NARRATION_TYPO,True
LEDGER_1146,BANK_9146,AMBIGUOUS_POS_FEE_VARIATION,True
LEDGER_1147,BANK_9147,AMBIGUOUS_POS_PARTIAL_AMOUNT_DELTA,True
LEDGER_1148,BANK_9148,AMBIGUOUS_POS_FEE_VARIATION,True
LEDGER_1149,BANK_9149,AMBIGUOUS_POS_NARRATION_TYPO,True
LEDGER_1150,BANK_9150,AMBIGUOUS_POS_SETTLEMENT_LAG,True
LEDGER_1151,BANK_9151,AMBIGUOUS_POS_SETTLEMENT_LAG,True
LEDGER_1152,BANK_9152,AMBIGUOUS_POS_SETTLEMENT_LAG,True
LEDGER_1153,BANK_9153,AMBIGUOUS_POS_FEE_VARIATION,True
LEDGER_1154,BANK_9154,AMBIGUOUS_POS_SETTLEMENT_LAG,True
LEDGER_1155,BANK_9155,AMBIGUOUS_POS_NARRATION_TYPO,True
LEDGER_1156,BANK_9156,AMBIGUOUS_POS_NARRATION_TYPO,True
LEDGER_1157,BANK_9157,AMBIGUOUS_POS_NARRATION_TYPO,True
LEDGER_1158,BANK_9158,AMBIGUOUS_POS_PARTIAL_AMOUNT_DELTA,True
LEDGER_1159,BANK_9159,AMBIGUOUS_POS_FEE_VARIATION,True
LEDGER_1160,BANK_9160,AMBIGUOUS_POS_SETTLEMENT_LAG,True
LEDGER_1161,BANK_9161,AMBIGUOUS_POS_PARTIAL_AMOUNT_DELTA,True
LEDGER_1162,BANK_9162,AMBIGUOUS_POS_FEE_VARIATION,True
LEDGER_1163,BANK_9163,AMBIGUOUS_POS_PARTIAL_AMOUNT_DELTA,True
LEDGER_1164,BANK_9164,AMBIGUOUS_POS_NARRATION_TYPO,True
LEDGER_1165,BANK_9165,AMBIGUOUS_POS_FEE_VARIATION,True
LEDGER_1166,BANK_9166,AMBIGUOUS_POS_FEE_VARIATION,True
LEDGER_1167,BANK_9167,AMBIGUOUS_POS_SETTLEMENT_LAG,True
LEDGER_1168,BANK_9168,AMBIGUOUS_POS_SETTLEMENT_LAG,True
LEDGER_1169,BANK_9169,AMBIGUOUS_POS_SETTLEMENT_LAG,True
LEDGER_1170,BANK_9170,AMBIGUOUS_POS_NARRATION_TYPO,True
LEDGER_1171,BANK_9171,HARD_NEG_SAME_AMOUNT_DIFFERENT_ORDER,False
LEDGER_1172,BANK_9172,HARD_NEG_EXPIRED_PAYOUT_LAG,False
LEDGER_1173,BANK_9173,HARD_NEG_SAME_AMOUNT_DIFFERENT_ORDER,False
LEDGER_1174,BANK_9174,HARD_NEG_CANCELED_ORDER_RETRY,False
LEDGER_1175,BANK_9175,HARD_NEG_CANCELED_ORDER_RETRY,False
LEDGER_1176,BANK_9176,HARD_NEG_EXPIRED_PAYOUT_LAG,False
LEDGER_1177,BANK_9177,HARD_NEG_SIMILAR_REF_DIFFERENT_AMOUNT,False
LEDGER_1178,BANK_9178,HARD_NEG_SAME_AMOUNT_DIFFERENT_ORDER,False
LEDGER_1179,BANK_9179,HARD_NEG_CANCELED_ORDER_RETRY,False
LEDGER_1180,BANK_9180,HARD_NEG_SAME_AMOUNT_DIFFERENT_ORDER,False
LEDGER_1181,BANK_9181,HARD_NEG_EXPIRED_PAYOUT_LAG,False
LEDGER_1182,BANK_9182,HARD_NEG_SAME_AMOUNT_DIFFERENT_ORDER,False
LEDGER_1183,BANK_9183,HARD_NEG_SAME_AMOUNT_DIFFERENT_ORDER,False
LEDGER_1184,BANK_9184,HARD_NEG_CANCELED_ORDER_RETRY,False
LEDGER_1185,BANK_9185,HARD_NEG_SIMILAR_REF_DIFFERENT_AMOUNT,False
LEDGER_1186,BANK_9186,HARD_NEG_SIMILAR_REF_DIFFERENT_AMOUNT,False
LEDGER_1187,BANK_9187,HARD_NEG_SAME_AMOUNT_DIFFERENT_ORDER,False
LEDGER_1188,BANK_9188,HARD_NEG_SAME_AMOUNT_DIFFERENT_ORDER,False
LEDGER_1189,BANK_9189,HARD_NEG_CANCELED_ORDER_RETRY,False
LEDGER_1190,BANK_9190,HARD_NEG_EXPIRED_PAYOUT_LAG,False
LEDGER_1191,BANK_9191,HARD_NEG_SAME_AMOUNT_DIFFERENT_ORDER,False
LEDGER_1192,BANK_9192,HARD_NEG_SIMILAR_REF_DIFFERENT_AMOUNT,False
LEDGER_1193,BANK_9193,HARD_NEG_EXPIRED_PAYOUT_LAG,False
LEDGER_1194,BANK_9194,HARD_NEG_SIMILAR_REF_DIFFERENT_AMOUNT,False
LEDGER_1195,BANK_9195,HARD_NEG_EXPIRED_PAYOUT_LAG,False
LEDGER_1196,BANK_9196,HARD_NEG_CANCELED_ORDER_RETRY,False
LEDGER_1197,BANK_9197,HARD_NEG_SAME_AMOUNT_DIFFERENT_ORDER,False
LEDGER_1198,BANK_9198,HARD_NEG_SIMILAR_REF_DIFFERENT_AMOUNT,False
LEDGER_1199,BANK_9199,HARD_NEG_SAME_AMOUNT_DIFFERENT_ORDER,False
LEDGER_1200,BANK_9200,HARD_NEG_SIMILAR_REF_DIFFERENT_AMOUNT,False
LEDGER_1201,BANK_9201,HARD_NEG_SAME_AMOUNT_DIFFERENT_ORDER,False
LEDGER_1202,BANK_9202,HARD_NEG_CANCELED_ORDER_RETRY,False
LEDGER_1203,BANK_9203,HARD_NEG_CANCELED_ORDER_RETRY,False
LEDGER_1204,BANK_9204,HARD_NEG_EXPIRED_PAYOUT_LAG,False
LEDGER_1205,BANK_9205,HARD_NEG_SAME_AMOUNT_DIFFERENT_ORDER,False
LEDGER_1206,BANK_9206,HARD_NEG_SIMILAR_REF_DIFFERENT_AMOUNT,False
LEDGER_1207,BANK_9207,HARD_NEG_SIMILAR_REF_DIFFERENT_AMOUNT,False
LEDGER_1208,BANK_9208,HARD_NEG_EXPIRED_PAYOUT_LAG,False
LEDGER_1209,BANK_9209,HARD_NEG_CANCELED_ORDER_RETRY,False
LEDGER_1210,BANK_9210,HARD_NEG_CANCELED_ORDER_RETRY,False
LEDGER_1211,,LEDGER_ORPHAN,False
LEDGER_1212,,LEDGER_ORPHAN,False
LEDGER_1213,,LEDGER_ORPHAN,False
LEDGER_1214,,LEDGER_ORPHAN,False
LEDGER_1215,,LEDGER_ORPHAN,False
LEDGER_1216,,LEDGER_ORPHAN,False
LEDGER_1217,,LEDGER_ORPHAN,False
LEDGER_1218,,LEDGER_ORPHAN,False
LEDGER_1219,,LEDGER_ORPHAN,False
LEDGER_1220,,LEDGER_ORPHAN,False
LEDGER_1221,,LEDGER_ORPHAN,False
LEDGER_1222,,LEDGER_ORPHAN,False
LEDGER_1223,,LEDGER_ORPHAN,False
LEDGER_1224,,LEDGER_ORPHAN,False
LEDGER_1225,,LEDGER_ORPHAN,False
,BANK_9226,BANK_ORPHAN,False
,BANK_9227,BANK_ORPHAN,False
,BANK_9228,BANK_ORPHAN,False
,BANK_9229,BANK_ORPHAN,False
,BANK_9230,BANK_ORPHAN,False
,BANK_9231,BANK_ORPHAN,False
,BANK_9232,BANK_ORPHAN,False
,BANK_9233,BANK_ORPHAN,False
,BANK_9234,BANK_ORPHAN,False
,BANK_9235,BANK_ORPHAN,False
,BANK_9236,BANK_ORPHAN,False
,BANK_9237,BANK_ORPHAN,False
,BANK_9238,BANK_ORPHAN,False
,BANK_9239,BANK_ORPHAN,False
,BANK_9240,BANK_ORPHAN,False
