exception_type,record_id,order_id,confidence_score,issue_description,action_required
UNRESOLVED_RECONCILIATION,LEDGER_1181,ORD_20260822_1181,0.07,Reference similarity (0.4062) and amount delta (INR 36.28) below threshold.,Manual Controller Review Required
UNRESOLVED_RECONCILIATION,LEDGER_1222,ORD_20260824_1222,0.24,Reference similarity (0.5263) and amount delta (INR 40.04) below threshold.,Manual Controller Review Required
UNRESOLVED_RECONCILIATION,LEDGER_1191,ORD_20260823_1191,0.0975,Reference similarity (0.5357) and amount delta (INR 0.0) below threshold.,Manual Controller Review Required
UNRESOLVED_RECONCILIATION,LEDGER_1208,ORD_20260812_1208,0.1486,Reference similarity (0.52) and amount delta (INR 49.32) below threshold.,Manual Controller Review Required
UNRESOLVED_RECONCILIATION,LEDGER_1193,ORD_20260820_1193,0.13,Reference similarity (0.5246) and amount delta (INR 54.18) below threshold.,Manual Controller Review Required
UNRESOLVED_RECONCILIATION,LEDGER_1173,ORD_20260821_1173,0.0975,Reference similarity (0.5357) and amount delta (INR 0.0) below threshold.,Manual Controller Review Required
UNRESOLVED_RECONCILIATION,LEDGER_1197,ORD_20260814_1197,0.0215,Reference similarity (0.5) and amount delta (INR 0.0) below threshold.,Manual Controller Review Required
UNRESOLVED_RECONCILIATION,LEDGER_1199,ORD_20260820_1199,0.0215,Reference similarity (0.5) and amount delta (INR 0.0) below threshold.,Manual Controller Review Required
UNRESOLVED_RECONCILIATION,LEDGER_1126,ORD_20260813_1126,0.421,Reference similarity (0.6) and amount delta (INR 6.82) below threshold.,Manual Controller Review Required
UNRESOLVED_RECONCILIATION,LEDGER_1174,ORD_20260820_1174,0.2267,Reference similarity (0.5833) and amount delta (INR 48.66) below threshold.,Manual Controller Review Required
UNRESOLVED_RECONCILIATION,LEDGER_1224,ORD_20260817_1224,0.1167,Reference similarity (0.5957) and amount delta (INR 188.86) below threshold.,Manual Controller Review Required
UNRESOLVED_RECONCILIATION,LEDGER_1218,ORD_20260823_1218,0.01,Reference similarity (0.4912) and amount delta (INR 217.66) below threshold.,Manual Controller Review Required
UNRESOLVED_RECONCILIATION,LEDGER_1206,ORD_20260816_1206,0.09,Reference similarity (0.4062) and amount delta (INR 40.77) below threshold.,Manual Controller Review Required
UNRESOLVED_RECONCILIATION,LEDGER_1217,ORD_20260812_1217,0.26,Reference similarity (0.6809) and amount delta (INR 94.89) below threshold.,Manual Controller Review Required
UNRESOLVED_RECONCILIATION,LEDGER_1188,ORD_20260812_1188,0.0975,Reference similarity (0.5357) and amount delta (INR 0.0) below threshold.,Manual Controller Review Required
UNRESOLVED_RECONCILIATION,LEDGER_1176,ORD_20260825_1176,0.2067,Reference similarity (0.5882) and amount delta (INR 18.58) below threshold.,Manual Controller Review Required
UNRESOLVED_RECONCILIATION,LEDGER_1210,ORD_20260823_1210,0.193,Reference similarity (0.5263) and amount delta (INR 44.0) below threshold.,Manual Controller Review Required
UNRESOLVED_RECONCILIATION,LEDGER_1207,ORD_20260820_1207,0.1976,Reference similarity (0.5614) and amount delta (INR 33.38) below threshold.,Manual Controller Review Required
UNRESOLVED_RECONCILIATION,LEDGER_1187,ORD_20260815_1187,0.0975,Reference similarity (0.5357) and amount delta (INR 0.0) below threshold.,Manual Controller Review Required
UNRESOLVED_RECONCILIATION,LEDGER_1203,ORD_20260810_1203,0.07,Reference similarity (0.459) and amount delta (INR 46.16) below threshold.,Manual Controller Review Required
UNRESOLVED_RECONCILIATION,LEDGER_1178,ORD_20260813_1178,0.0215,Reference similarity (0.5) and amount delta (INR 0.0) below threshold.,Manual Controller Review Required
UNRESOLVED_RECONCILIATION,LEDGER_1180,ORD_20260813_1180,0.0975,Reference similarity (0.5357) and amount delta (INR 0.0) below threshold.,Manual Controller Review Required
UNRESOLVED_RECONCILIATION,LEDGER_1221,ORD_20260810_1221,0.2632,Reference similarity (0.5532) and amount delta (INR 89.53) below threshold.,Manual Controller Review Required
UNRESOLVED_RECONCILIATION,LEDGER_1186,ORD_20260813_1186,0.1167,Reference similarity (0.5957) and amount delta (INR 135.81) below threshold.,Manual Controller Review Required
UNRESOLVED_RECONCILIATION,LEDGER_1200,ORD_20260819_1200,0.1767,Reference similarity (0.56) and amount delta (INR 65.33) below threshold.,Manual Controller Review Required
UNRESOLVED_RECONCILIATION,LEDGER_1182,ORD_20260812_1182,0.0975,Reference similarity (0.5357) and amount delta (INR 0.0) below threshold.,Manual Controller Review Required
UNRESOLVED_RECONCILIATION,LEDGER_1127,ORD_20260825_1127,0.06,Reference similarity (0.4688) and amount delta (INR 61.34) below threshold.,Manual Controller Review Required
UNRESOLVED_RECONCILIATION,LEDGER_1195,ORD_20260823_1195,0.01,Reference similarity (0.459) and amount delta (INR 32.37) below threshold.,Manual Controller Review Required
UNRESOLVED_RECONCILIATION,LEDGER_1205,ORD_20260812_1205,0.0975,Reference similarity (0.5357) and amount delta (INR 0.0) below threshold.,Manual Controller Review Required
UNRESOLVED_RECONCILIATION,LEDGER_1214,ORD_20260820_1214,0.03,Reference similarity (0.4815) and amount delta (INR 67.35) below threshold.,Manual Controller Review Required
UNRESOLVED_RECONCILIATION,LEDGER_1196,ORD_20260813_1196,0.1,Reference similarity (0.5263) and amount delta (INR 30.77) below threshold.,Manual Controller Review Required
UNRESOLVED_RECONCILIATION,LEDGER_1212,ORD_20260810_1212,0.04,Reference similarity (0.4561) and amount delta (INR 54.49) below threshold.,Manual Controller Review Required
UNRESOLVED_RECONCILIATION,LEDGER_1175,ORD_20260823_1175,0.09,Reference similarity (0.5532) and amount delta (INR 129.39) below threshold.,Manual Controller Review Required
UNRESOLVED_RECONCILIATION,LEDGER_1216,ORD_20260817_1216,0.0,Reference similarity (0.4688) and amount delta (INR 247.51) below threshold.,Manual Controller Review Required
UNRESOLVED_RECONCILIATION,LEDGER_1198,ORD_20260823_1198,0.124,Reference similarity (0.5185) and amount delta (INR 60.74) below threshold.,Manual Controller Review Required
UNRESOLVED_RECONCILIATION,LEDGER_1223,ORD_20260812_1223,0.11,Reference similarity (0.5957) and amount delta (INR 170.32) below threshold.,Manual Controller Review Required
UNRESOLVED_RECONCILIATION,LEDGER_1177,ORD_20260824_1177,0.07,Reference similarity (0.5098) and amount delta (INR 31.44) below threshold.,Manual Controller Review Required
UNRESOLVED_RECONCILIATION,LEDGER_1179,ORD_20260821_1179,0.4976,Reference similarity (0.6383) and amount delta (INR 72.4) below threshold.,Manual Controller Review Required
UNRESOLVED_RECONCILIATION,LEDGER_1211,ORD_20260811_1211,0.02,Reference similarity (0.4561) and amount delta (INR 172.79) below threshold.,Manual Controller Review Required
UNRESOLVED_RECONCILIATION,LEDGER_1220,ORD_20260823_1220,0.08,Reference similarity (0.4286) and amount delta (INR 9.64) below threshold.,Manual Controller Review Required
UNRESOLVED_RECONCILIATION,LEDGER_1219,ORD_20260820_1219,0.1467,Reference similarity (0.5417) and amount delta (INR 6.33) below threshold.,Manual Controller Review Required
UNRESOLVED_RECONCILIATION,LEDGER_1190,ORD_20260824_1190,0.1898,Reference similarity (0.5833) and amount delta (INR 76.64) below threshold.,Manual Controller Review Required
UNRESOLVED_RECONCILIATION,LEDGER_1202,ORD_20260818_1202,0.06,Reference similarity (0.52) and amount delta (INR 39.55) below threshold.,Manual Controller Review Required
UNRESOLVED_RECONCILIATION,LEDGER_1183,ORD_20260820_1183,0.0215,Reference similarity (0.5) and amount delta (INR 0.0) below threshold.,Manual Controller Review Required
UNRESOLVED_RECONCILIATION,LEDGER_1161,ORD_20260819_1161,0.1,Reference similarity (0.5098) and amount delta (INR 65.29) below threshold.,Manual Controller Review Required
UNRESOLVED_RECONCILIATION,LEDGER_1201,ORD_20260813_1201,0.0975,Reference similarity (0.5357) and amount delta (INR 0.0) below threshold.,Manual Controller Review Required
UNRESOLVED_RECONCILIATION,LEDGER_1192,ORD_20260812_1192,0.2219,Reference similarity (0.56) and amount delta (INR 9.38) below threshold.,Manual Controller Review Required
UNRESOLVED_RECONCILIATION,LEDGER_1213,ORD_20260814_1213,0.1,Reference similarity (0.549) and amount delta (INR 180.83) below threshold.,Manual Controller Review Required
UNRESOLVED_RECONCILIATION,LEDGER_1185,ORD_20260814_1185,0.1632,Reference similarity (0.5532) and amount delta (INR 156.86) below threshold.,Manual Controller Review Required
UNRESOLVED_RECONCILIATION,LEDGER_1163,ORD_20260822_1163,0.29,Reference similarity (0.7234) and amount delta (INR 441.49) below threshold.,Manual Controller Review Required
UNRESOLVED_RECONCILIATION,LEDGER_1121,ORD_20260812_1121,0.2867,Reference similarity (0.5957) and amount delta (INR 24.49) below threshold.,Manual Controller Review Required
UNRESOLVED_RECONCILIATION,LEDGER_1189,ORD_20260824_1189,0.06,Reference similarity (0.5185) and amount delta (INR 39.13) below threshold.,Manual Controller Review Required
UNRESOLVED_RECONCILIATION,LEDGER_1130,ORD_20260818_1130,0.1898,Reference similarity (0.5957) and amount delta (INR 142.77) below threshold.,Manual Controller Review Required
UNRESOLVED_RECONCILIATION,LEDGER_1194,ORD_20260823_1194,0.2067,Reference similarity (0.5882) and amount delta (INR 160.14) below threshold.,Manual Controller Review Required
UNRESOLVED_RECONCILIATION,LEDGER_1135,ORD_20260824_1135,0.3276,Reference similarity (0.5957) and amount delta (INR 49.31) below threshold.,Manual Controller Review Required
UNRESOLVED_RECONCILIATION,LEDGER_1172,ORD_20260818_1172,0.3298,Reference similarity (0.5957) and amount delta (INR 72.88) below threshold.,Manual Controller Review Required
UNRESOLVED_RECONCILIATION,LEDGER_1171,ORD_20260822_1171,0.0975,Reference similarity (0.5357) and amount delta (INR 0.0) below threshold.,Manual Controller Review Required
UNRESOLVED_RECONCILIATION,LEDGER_1147,ORD_20260822_1147,0.0332,Reference similarity (0.56) and amount delta (INR 244.68) below threshold.,Manual Controller Review Required
UNRESOLVED_RECONCILIATION,LEDGER_1209,ORD_20260824_1209,0.0732,Reference similarity (0.5532) and amount delta (INR 209.19) below threshold.,Manual Controller Review Required
UNRESOLVED_RECONCILIATION,LEDGER_1158,ORD_20260814_1158,0.3498,Reference similarity (0.7234) and amount delta (INR 239.36) below threshold.,Manual Controller Review Required
UNRESOLVED_RECONCILIATION,LEDGER_1184,ORD_20260816_1184,0.0967,Reference similarity (0.56) and amount delta (INR 34.75) below threshold.,Manual Controller Review Required
UNRESOLVED_RECONCILIATION,LEDGER_1225,ORD_20260812_1225,0.2167,Reference similarity (0.6383) and amount delta (INR 104.47) below threshold.,Manual Controller Review Required
UNRESOLVED_RECONCILIATION,LEDGER_1215,ORD_20260823_1215,0.06,Reference similarity (0.5417) and amount delta (INR 193.6) below threshold.,Manual Controller Review Required
UNRESOLVED_RECONCILIATION,LEDGER_1204,ORD_20260821_1204,0.01,Reference similarity (0.5532) and amount delta (INR 230.99) below threshold.,Manual Controller Review Required
