ledger_txn_id,bank_txn_id,merchant_order_id,bank_narration,net_amount,bank_amount,amount_diff,date_gap_days,ref_similarity,match_tier,confidence_score,status
LEDGER_1071,BANK_9071,ORD_20260820_1071,NEFT-RAZORPAY-SETTL/ORD_20260820_1071/UTIB32241,7097.48,7097.48,0.0,2,1.0,TIER_1_EXACT,1.0,MATCHED
LEDGER_1181,BANK_9080,ORD_20260822_1181,NEFT-RAZORPAY-SETTL/ORD_20260817_1080/UTIB54020,4378.16,4414.44,36.28,6,0.4062,TIER_4_UNMATCHED,0.0,UNMATCHED_FLAGGED
LEDGER_1120,BANK_9120,ORD_20260816_1120,CMS/RAZORPAY/ORD_20260816_1120/UTIB32782,9378.57,9378.57,0.0,0,1.0,TIER_1_EXACT,1.0,MATCHED
LEDGER_1073,BANK_9073,ORD_20260819_1073,CMS/RAZORPAY/ORD_20260819_1073/UTIB42092,3700.93,3700.93,0.0,0,1.0,TIER_1_EXACT,1.0,MATCHED
LEDGER_1222,BANK_9100,ORD_20260824_1222,CMS/RAZORPAY/ORD_20260824_1100/UTIB21359,6605.39,6645.43,40.04,2,0.5263,TIER_4_UNMATCHED,0.0,UNMATCHED_FLAGGED
LEDGER_1191,BANK_9191,ORD_20260823_1191,CMS/RAZORPAY/ORD_20260813_6191/UTIB7788,8206.03,8206.03,0.0,1,0.5357,TIER_4_UNMATCHED,0.0,UNMATCHED_FLAGGED
LEDGER_1007,BANK_9007,ORD_20260813_1007,NEFT-RAZORPAY-SETTL/ORD_20260813_1007/UTIB92397,14317.98,14317.98,0.0,2,1.0,TIER_1_EXACT,1.0,MATCHED
LEDGER_1068,BANK_9068,ORD_20260819_1068,NEFT-RAZORPAY-SETTL/ORD_20260819_1068/UTIB82667,9966.55,9966.55,0.0,2,1.0,TIER_1_EXACT,1.0,MATCHED
LEDGER_1145,BANK_9145,ORD_20260822_1145,RAZORPAY_PAYOUT_ORD_20260822_11XX,9458.52,9458.52,0.0,1,0.6,TIER_4_UNMATCHED,0.0,UNMATCHED_FLAGGED
LEDGER_1030,BANK_9030,ORD_20260812_1030,UPI/RAZORPAY/PAY/ORD_20260812_1030/UTIB27342,7796.15,7796.15,0.0,0,1.0,TIER_1_EXACT,1.0,MATCHED
LEDGER_1051,BANK_9051,ORD_20260811_1051,CMS/RAZORPAY/ORD_20260811_1051/UTIB53719,1801.56,1801.56,0.0,0,1.0,TIER_1_EXACT,1.0,MATCHED
LEDGER_1170,BANK_9170,ORD_20260813_1170,RAZORPAY_PAYOUT_ORD_20260813_11XX,9700.33,9700.33,0.0,1,0.6,TIER_4_UNMATCHED,0.0,UNMATCHED_FLAGGED
LEDGER_1208,BANK_9155,ORD_20260812_1208,RAZORPAY_PAYOUT_ORD_20260819_11XX,7605.26,7654.58,49.32,1,0.52,TIER_4_UNMATCHED,0.0,UNMATCHED_FLAGGED
LEDGER_1053,BANK_9053,ORD_20260823_1053,CMS/RAZORPAY/ORD_20260823_1053/UTIB81511,8503.65,8503.65,0.0,2,1.0,TIER_1_EXACT,1.0,MATCHED
LEDGER_1061,BANK_9061,ORD_20260822_1061,UPI/RAZORPAY/PAY/ORD_20260822_1061/UTIB76768,5180.9,5180.9,0.0,1,1.0,TIER_1_EXACT,1.0,MATCHED
LEDGER_1131,BANK_9131,ORD_20260821_1131,RAZORPAY/ORD_20260821_1131/NET_PAYOUT,8583.44,8464.52,118.92,2,1.0,TIER_2_FEE_ADJUSTED,0.9,MATCHED
LEDGER_1193,BANK_9108,ORD_20260820_1193,UPI/RAZORPAY/PAY/ORD_20260823_1108/UTIB69473,14631.56,14577.38,54.18,2,0.5246,TIER_4_UNMATCHED,0.0,UNMATCHED_FLAGGED
LEDGER_1039,BANK_9039,ORD_20260825_1039,UPI/RAZORPAY/PAY/ORD_20260825_1039/UTIB81066,2689.66,2689.66,0.0,0,1.0,TIER_1_EXACT,1.0,MATCHED
LEDGER_1173,BANK_9173,ORD_20260821_1173,CMS/RAZORPAY/ORD_20260813_6173/UTIB7788,10557.42,10557.42,0.0,1,0.5357,TIER_4_UNMATCHED,0.0,UNMATCHED_FLAGGED
LEDGER_1090,BANK_9090,ORD_20260812_1090,CMS/RAZORPAY/ORD_20260812_1090/UTIB95215,7136.46,7136.46,0.0,1,1.0,TIER_1_EXACT,1.0,MATCHED
LEDGER_1054,BANK_9054,ORD_20260811_1054,CMS/RAZORPAY/ORD_20260811_1054/UTIB15482,12286.59,12286.59,0.0,1,1.0,TIER_1_EXACT,1.0,MATCHED
LEDGER_1028,BANK_9028,ORD_20260812_1028,CMS/RAZORPAY/ORD_20260812_1028/UTIB10942,5267.18,5267.18,0.0,2,1.0,TIER_1_EXACT,1.0,MATCHED
LEDGER_1104,BANK_9104,ORD_20260810_1104,UPI/RAZORPAY/PAY/ORD_20260810_1104/UTIB63271,7871.23,7871.23,0.0,0,1.0,TIER_1_EXACT,1.0,MATCHED
LEDGER_1197,BANK_9197,ORD_20260814_1197,CMS/RAZORPAY/ORD_20260825_6197/UTIB7788,2815.28,2815.28,0.0,1,0.5,TIER_4_UNMATCHED,0.0,UNMATCHED_FLAGGED
LEDGER_1199,BANK_9199,ORD_20260820_1199,CMS/RAZORPAY/ORD_20260813_6199/UTIB7788,7193.7,7193.7,0.0,1,0.5,TIER_4_UNMATCHED,0.0,UNMATCHED_FLAGGED
LEDGER_1098,BANK_9098,ORD_20260813_1098,CMS/RAZORPAY/ORD_20260813_1098/UTIB67080,6650.37,6650.37,0.0,2,1.0,TIER_1_EXACT,1.0,MATCHED
LEDGER_1126,BANK_9170,ORD_20260813_1126,RAZORPAY_PAYOUT_ORD_20260813_11XX,9707.15,9700.33,6.82,6,0.6,TIER_4_UNMATCHED,0.0,UNMATCHED_FLAGGED
LEDGER_1003,BANK_9003,ORD_20260810_1003,NEFT-RAZORPAY-SETTL/ORD_20260810_1003/UTIB87236,8422.1,8422.1,0.0,0,1.0,TIER_1_EXACT,1.0,MATCHED
LEDGER_1015,BANK_9015,ORD_20260818_1015,UPI/RAZORPAY/PAY/ORD_20260818_1015/UTIB66155,2461.52,2461.52,0.0,2,1.0,TIER_1_EXACT,1.0,MATCHED
LEDGER_1023,BANK_9023,ORD_20260810_1023,CMS/RAZORPAY/ORD_20260810_1023/UTIB41571,2079.64,2079.64,0.0,0,1.0,TIER_1_EXACT,1.0,MATCHED
LEDGER_1033,BANK_9033,ORD_20260813_1033,CMS/RAZORPAY/ORD_20260813_1033/UTIB35112,1344.41,1344.41,0.0,0,1.0,TIER_1_EXACT,1.0,MATCHED
LEDGER_1063,BANK_9063,ORD_20260815_1063,UPI/RAZORPAY/PAY/ORD_20260815_1063/UTIB66959,8740.18,8740.18,0.0,0,1.0,TIER_1_EXACT,1.0,MATCHED
LEDGER_1041,BANK_9041,ORD_20260815_1041,CMS/RAZORPAY/ORD_20260815_1041/UTIB87992,1291.63,1291.63,0.0,0,1.0,TIER_1_EXACT,1.0,MATCHED
LEDGER_1174,BANK_9140,ORD_20260820_1174,NEFT-RAZORPAY-ORD_20260814_1140,10211.09,10259.75,48.66,3,0.5833,TIER_4_UNMATCHED,0.0,UNMATCHED_FLAGGED
LEDGER_1060,BANK_9060,ORD_20260819_1060,UPI/RAZORPAY/PAY/ORD_20260819_1060/UTIB35313,12211.81,12211.81,0.0,0,1.0,TIER_1_EXACT,1.0,MATCHED
LEDGER_1044,BANK_9044,ORD_20260820_1044,UPI/RAZORPAY/PAY/ORD_20260820_1044/UTIB49321,3881.73,3881.73,0.0,2,1.0,TIER_1_EXACT,1.0,MATCHED
LEDGER_1139,BANK_9139,ORD_20260817_1139,RAZORPAY_ADJ_ORD_20260817_1139,19455.83,18974.36,481.47,4,1.0,TIER_2_FEE_ADJUSTED,0.9,MATCHED
LEDGER_1111,BANK_9111,ORD_20260818_1111,CMS/RAZORPAY/ORD_20260818_1111/UTIB48829,10731.32,10731.32,0.0,0,1.0,TIER_1_EXACT,1.0,MATCHED
LEDGER_1166,BANK_9166,ORD_20260811_1166,RAZORPAY/ORD_20260811_1166/NET_PAYOUT,6732.33,6658.17,74.16,3,1.0,TIER_2_FEE_ADJUSTED,0.9,MATCHED
LEDGER_1224,BANK_9121,ORD_20260817_1224,RAZORPAY_ADJ_ORD_20260812_1121,3692.22,3503.36,188.86,4,0.5957,TIER_4_UNMATCHED,0.0,UNMATCHED_FLAGGED
LEDGER_1218,BANK_9001,ORD_20260823_1218,CMS/RAZORPAY/ORD_20260813_1001/UTIB23434,627.75,845.41,217.66,5,0.4912,TIER_4_UNMATCHED,0.0,UNMATCHED_FLAGGED
LEDGER_1043,BANK_9043,ORD_20260811_1043,CMS/RAZORPAY/ORD_20260811_1043/UTIB97782,9291.41,9291.41,0.0,1,1.0,TIER_1_EXACT,1.0,MATCHED
LEDGER_1206,BANK_9084,ORD_20260816_1206,NEFT-RAZORPAY-SETTL/ORD_20260822_1084/UTIB80545,7308.66,7267.89,40.77,0,0.4062,TIER_4_UNMATCHED,0.0,UNMATCHED_FLAGGED
LEDGER_1084,BANK_9084,ORD_20260822_1084,NEFT-RAZORPAY-SETTL/ORD_20260822_1084/UTIB80545,7267.89,7267.89,0.0,1,1.0,TIER_1_EXACT,1.0,MATCHED
LEDGER_1097,BANK_9097,ORD_20260823_1097,NEFT-RAZORPAY-SETTL/ORD_20260823_1097/UTIB74251,9940.68,9940.68,0.0,0,1.0,TIER_1_EXACT,1.0,MATCHED
LEDGER_1025,BANK_9025,ORD_20260825_1025,UPI/RAZORPAY/PAY/ORD_20260825_1025/UTIB65461,14015.87,14015.87,0.0,2,1.0,TIER_1_EXACT,1.0,MATCHED
LEDGER_1059,BANK_9059,ORD_20260822_1059,NEFT-RAZORPAY-SETTL/ORD_20260822_1059/UTIB55830,12883.49,12883.49,0.0,0,1.0,TIER_1_EXACT,1.0,MATCHED
LEDGER_1136,BANK_9136,ORD_20260824_1136,NEFT-RAZORPAY-ORD_20260824_1136,15131.02,15131.02,0.0,6,1.0,TIER_2_FEE_ADJUSTED,0.9,MATCHED
LEDGER_1217,BANK_9121,ORD_20260812_1217,RAZORPAY_ADJ_ORD_20260812_1121,3408.47,3503.36,94.89,15,0.6809,TIER_4_UNMATCHED,0.0,UNMATCHED_FLAGGED
LEDGER_1144,BANK_9144,ORD_20260825_1144,RAZORPAY_ADJ_ORD_20260825_1144,17091.15,16820.36,270.79,4,1.0,TIER_2_FEE_ADJUSTED,0.9,MATCHED
LEDGER_1002,BANK_9002,ORD_20260812_1002,CMS/RAZORPAY/ORD_20260812_1002/UTIB40495,8926.21,8926.21,0.0,0,1.0,TIER_1_EXACT,1.0,MATCHED
LEDGER_1188,BANK_9188,ORD_20260812_1188,CMS/RAZORPAY/ORD_20260825_6188/UTIB7788,7671.03,7671.03,0.0,1,0.5357,TIER_4_UNMATCHED,0.0,UNMATCHED_FLAGGED
LEDGER_1016,BANK_9016,ORD_20260822_1016,CMS/RAZORPAY/ORD_20260822_1016/UTIB24371,5662.72,5662.72,0.0,0,1.0,TIER_1_EXACT,1.0,MATCHED
LEDGER_1176,BANK_9175,ORD_20260825_1176,RAZORPAY_ADJ_ORD_20260823_1175_REV,3198.23,3179.65,18.58,6,0.5882,TIER_4_UNMATCHED,0.0,UNMATCHED_FLAGGED
LEDGER_1210,BANK_9032,ORD_20260823_1210,CMS/RAZORPAY/ORD_20260823_1032/UTIB98259,5568.56,5524.56,44.0,1,0.5263,TIER_4_UNMATCHED,0.0,UNMATCHED_FLAGGED
LEDGER_1150,BANK_9150,ORD_20260825_1150,NEFT-RAZORPAY-ORD_20260825_1150,15532.0,15532.0,0.0,8,0.7083,TIER_4_UNMATCHED,0.0,UNMATCHED_FLAGGED
LEDGER_1026,BANK_9026,ORD_20260816_1026,NEFT-RAZORPAY-SETTL/ORD_20260816_1026/UTIB62296,13620.02,13620.02,0.0,2,1.0,TIER_1_EXACT,1.0,MATCHED
LEDGER_1134,BANK_9134,ORD_20260813_1134,RAZORPAY/ORD_20260813_1134/NET_PAYOUT,19044.84,18819.87,224.97,3,1.0,TIER_2_FEE_ADJUSTED,0.9,MATCHED
LEDGER_1034,BANK_9034,ORD_20260816_1034,NEFT-RAZORPAY-SETTL/ORD_20260816_1034/UTIB70637,8152.0,8152.0,0.0,0,1.0,TIER_1_EXACT,1.0,MATCHED
LEDGER_1141,BANK_9141,ORD_20260825_1141,RAZORPAY_ADJ_ORD_20260825_1141,19232.16,18889.22,342.94,3,1.0,TIER_2_FEE_ADJUSTED,0.9,MATCHED
LEDGER_1207,BANK_9081,ORD_20260820_1207,CMS/RAZORPAY/ORD_20260820_1081/UTIB60205,13213.78,13247.16,33.38,0,0.5614,TIER_4_UNMATCHED,0.0,UNMATCHED_FLAGGED
LEDGER_1069,BANK_9069,ORD_20260814_1069,UPI/RAZORPAY/PAY/ORD_20260814_1069/UTIB32810,3199.64,3199.64,0.0,2,1.0,TIER_1_EXACT,1.0,MATCHED
LEDGER_1187,BANK_9187,ORD_20260815_1187,CMS/RAZORPAY/ORD_20260818_6187/UTIB7788,2627.57,2627.57,0.0,1,0.5357,TIER_4_UNMATCHED,0.0,UNMATCHED_FLAGGED
LEDGER_1077,BANK_9077,ORD_20260824_1077,CMS/RAZORPAY/ORD_20260824_1077/UTIB70901,1209.75,1209.75,0.0,1,1.0,TIER_1_EXACT,1.0,MATCHED
LEDGER_1105,BANK_9105,ORD_20260825_1105,UPI/RAZORPAY/PAY/ORD_20260825_1105/UTIB74332,8421.81,8421.81,0.0,2,1.0,TIER_1_EXACT,1.0,MATCHED
LEDGER_1125,BANK_9125,ORD_20260812_1125,NEFT-RAZORPAY-ORD_20260812_1125,2090.46,2090.46,0.0,8,0.7083,TIER_4_UNMATCHED,0.0,UNMATCHED_FLAGGED
LEDGER_1157,BANK_9157,ORD_20260812_1157,RAZORPAY_PAYOUT_ORD_20260812_11XX,12328.73,12328.73,0.0,2,0.6,TIER_4_UNMATCHED,0.0,UNMATCHED_FLAGGED
LEDGER_1020,BANK_9020,ORD_20260819_1020,UPI/RAZORPAY/PAY/ORD_20260819_1020/UTIB44522,6668.02,6668.02,0.0,2,1.0,TIER_1_EXACT,1.0,MATCHED
LEDGER_1155,BANK_9155,ORD_20260819_1155,RAZORPAY_PAYOUT_ORD_20260819_11XX,7654.58,7654.58,0.0,1,0.6,TIER_4_UNMATCHED,0.0,UNMATCHED_FLAGGED
LEDGER_1050,BANK_9050,ORD_20260816_1050,NEFT-RAZORPAY-SETTL/ORD_20260816_1050/UTIB42914,10741.8,10741.8,0.0,2,1.0,TIER_1_EXACT,1.0,MATCHED
LEDGER_1072,BANK_9072,ORD_20260812_1072,CMS/RAZORPAY/ORD_20260812_1072/UTIB98184,4499.53,4499.53,0.0,0,1.0,TIER_1_EXACT,1.0,MATCHED
LEDGER_1083,BANK_9083,ORD_20260824_1083,UPI/RAZORPAY/PAY/ORD_20260824_1083/UTIB12560,6430.8,6430.8,0.0,1,1.0,TIER_1_EXACT,1.0,MATCHED
LEDGER_1031,BANK_9031,ORD_20260825_1031,CMS/RAZORPAY/ORD_20260825_1031/UTIB22704,3942.99,3942.99,0.0,0,1.0,TIER_1_EXACT,1.0,MATCHED
LEDGER_1009,BANK_9009,ORD_20260819_1009,NEFT-RAZORPAY-SETTL/ORD_20260819_1009/UTIB69429,14563.92,14563.92,0.0,1,1.0,TIER_1_EXACT,1.0,MATCHED
LEDGER_1203,BANK_9056,ORD_20260810_1203,UPI/RAZORPAY/PAY/ORD_20260813_1056/UTIB30257,5441.47,5487.63,46.16,6,0.459,TIER_4_UNMATCHED,0.0,UNMATCHED_FLAGGED
LEDGER_1178,BANK_9178,ORD_20260813_1178,CMS/RAZORPAY/ORD_20260825_6178/UTIB7788,9803.41,9803.41,0.0,1,0.5,TIER_4_UNMATCHED,0.0,UNMATCHED_FLAGGED
LEDGER_1180,BANK_9180,ORD_20260813_1180,CMS/RAZORPAY/ORD_20260821_6180/UTIB7788,8896.5,8896.5,0.0,1,0.5357,TIER_4_UNMATCHED,0.0,UNMATCHED_FLAGGED
LEDGER_1101,BANK_9101,ORD_20260818_1101,UPI/RAZORPAY/PAY/ORD_20260818_1101/UTIB97580,13084.4,13084.4,0.0,2,1.0,TIER_1_EXACT,1.0,MATCHED
LEDGER_1019,BANK_9019,ORD_20260813_1019,NEFT-RAZORPAY-SETTL/ORD_20260813_1019/UTIB24621,10125.18,10125.18,0.0,2,1.0,TIER_1_EXACT,1.0,MATCHED
LEDGER_1004,BANK_9004,ORD_20260818_1004,NEFT-RAZORPAY-SETTL/ORD_20260818_1004/UTIB54597,12053.19,12053.19,0.0,2,1.0,TIER_1_EXACT,1.0,MATCHED
LEDGER_1021,BANK_9021,ORD_20260815_1021,UPI/RAZORPAY/PAY/ORD_20260815_1021/UTIB89818,7743.46,7743.46,0.0,2,1.0,TIER_1_EXACT,1.0,MATCHED
LEDGER_1066,BANK_9066,ORD_20260810_1066,NEFT-RAZORPAY-SETTL/ORD_20260810_1066/UTIB19171,7837.88,7837.88,0.0,1,1.0,TIER_1_EXACT,1.0,MATCHED
LEDGER_1221,BANK_9147,ORD_20260810_1221,RAZORPAY_ADJ_ORD_20260822_1147,7591.57,7681.1,89.53,1,0.5532,TIER_4_UNMATCHED,0.0,UNMATCHED_FLAGGED
LEDGER_1152,BANK_9152,ORD_20260811_1152,NEFT-RAZORPAY-ORD_20260811_1152,12477.1,12477.1,0.0,6,1.0,TIER_2_FEE_ADJUSTED,0.9,MATCHED
LEDGER_1088,BANK_9088,ORD_20260814_1088,NEFT-RAZORPAY-SETTL/ORD_20260814_1088/UTIB52906,12873.3,12873.3,0.0,1,1.0,TIER_1_EXACT,1.0,MATCHED
LEDGER_1143,BANK_9143,ORD_20260820_1143,RAZORPAY/ORD_20260820_1143/NET_PAYOUT,18375.71,18228.92,146.79,2,1.0,TIER_2_FEE_ADJUSTED,0.9,MATCHED
LEDGER_1008,BANK_9008,ORD_20260821_1008,UPI/RAZORPAY/PAY/ORD_20260821_1008/UTIB39871,8649.82,8649.82,0.0,0,1.0,TIER_1_EXACT,1.0,MATCHED
LEDGER_1082,BANK_9082,ORD_20260814_1082,NEFT-RAZORPAY-SETTL/ORD_20260814_1082/UTIB81121,10581.93,10581.93,0.0,1,1.0,TIER_1_EXACT,1.0,MATCHED
LEDGER_1036,BANK_9036,ORD_20260810_1036,NEFT-RAZORPAY-SETTL/ORD_20260810_1036/UTIB73092,14332.19,14332.19,0.0,1,1.0,TIER_1_EXACT,1.0,MATCHED
LEDGER_1115,BANK_9115,ORD_20260820_1115,CMS/RAZORPAY/ORD_20260820_1115/UTIB18564,3125.67,3125.67,0.0,1,1.0,TIER_1_EXACT,1.0,MATCHED
LEDGER_1079,BANK_9079,ORD_20260825_1079,NEFT-RAZORPAY-SETTL/ORD_20260825_1079/UTIB92149,6920.62,6920.62,0.0,2,1.0,TIER_1_EXACT,1.0,MATCHED
LEDGER_1046,BANK_9046,ORD_20260813_1046,NEFT-RAZORPAY-SETTL/ORD_20260813_1046/UTIB19016,1538.85,1538.85,0.0,0,1.0,TIER_1_EXACT,1.0,MATCHED
LEDGER_1186,BANK_9121,ORD_20260813_1186,RAZORPAY_ADJ_ORD_20260812_1121,3639.17,3503.36,135.81,5,0.5957,TIER_4_UNMATCHED,0.0,UNMATCHED_FLAGGED
LEDGER_1200,BANK_9206,ORD_20260819_1200,RAZORPAY_PAYOUT_ORD_20260816_1288,6439.97,6374.64,65.33,7,0.56,TIER_4_UNMATCHED,0.0,UNMATCHED_FLAGGED
LEDGER_1182,BANK_9182,ORD_20260812_1182,CMS/RAZORPAY/ORD_20260816_6182/UTIB7788,10135.32,10135.32,0.0,1,0.5357,TIER_4_UNMATCHED,0.0,UNMATCHED_FLAGGED
LEDGER_1057,BANK_9057,ORD_20260817_1057,CMS/RAZORPAY/ORD_20260817_1057/UTIB53540,12841.23,12841.23,0.0,0,1.0,TIER_1_EXACT,1.0,MATCHED
LEDGER_1127,BANK_9011,ORD_20260825_1127,NEFT-RAZORPAY-SETTL/ORD_20260812_1011/UTIB59735,9131.07,9192.41,61.34,6,0.4688,TIER_4_UNMATCHED,0.0,UNMATCHED_FLAGGED
LEDGER_1195,BANK_9006,ORD_20260823_1195,UPI/RAZORPAY/PAY/ORD_20260821_1006/UTIB70217,12501.32,12468.95,32.37,4,0.459,TIER_4_UNMATCHED,0.0,UNMATCHED_FLAGGED
LEDGER_1117,BANK_9117,ORD_20260819_1117,NEFT-RAZORPAY-SETTL/ORD_20260819_1117/UTIB89471,1709.09,1709.09,0.0,2,1.0,TIER_1_EXACT,1.0,MATCHED
LEDGER_1146,BANK_9146,ORD_20260822_1146,RAZORPAY/ORD_20260822_1146/NET_PAYOUT,5328.94,5284.45,44.49,2,1.0,TIER_2_FEE_ADJUSTED,0.9,MATCHED
LEDGER_1114,BANK_9114,ORD_20260825_1114,NEFT-RAZORPAY-SETTL/ORD_20260825_1114/UTIB67733,1957.71,1957.71,0.0,1,1.0,TIER_1_EXACT,1.0,MATCHED
LEDGER_1058,BANK_9058,ORD_20260823_1058,CMS/RAZORPAY/ORD_20260823_1058/UTIB24168,11829.1,11829.1,0.0,1,1.0,TIER_1_EXACT,1.0,MATCHED
LEDGER_1040,BANK_9040,ORD_20260811_1040,NEFT-RAZORPAY-SETTL/ORD_20260811_1040/UTIB75909,11175.47,11175.47,0.0,2,1.0,TIER_1_EXACT,1.0,MATCHED
LEDGER_1205,BANK_9205,ORD_20260812_1205,CMS/RAZORPAY/ORD_20260814_6205/UTIB7788,11399.95,11399.95,0.0,1,0.5357,TIER_4_UNMATCHED,0.0,UNMATCHED_FLAGGED
LEDGER_1214,BANK_9128,ORD_20260820_1214,RAZORPAY/ORD_20260818_1128/NET_PAYOUT,1371.88,1439.23,67.35,5,0.4815,TIER_4_UNMATCHED,0.0,UNMATCHED_FLAGGED
LEDGER_1109,BANK_9109,ORD_20260818_1109,CMS/RAZORPAY/ORD_20260818_1109/UTIB51359,4871.84,4871.84,0.0,2,1.0,TIER_1_EXACT,1.0,MATCHED
LEDGER_1116,BANK_9116,ORD_20260822_1116,CMS/RAZORPAY/ORD_20260822_1116/UTIB83772,7439.57,7439.57,0.0,0,1.0,TIER_1_EXACT,1.0,MATCHED
LEDGER_1014,BANK_9014,ORD_20260820_1014,NEFT-RAZORPAY-SETTL/ORD_20260820_1014/UTIB28726,3511.42,3511.42,0.0,2,1.0,TIER_1_EXACT,1.0,MATCHED
LEDGER_1042,BANK_9042,ORD_20260812_1042,UPI/RAZORPAY/PAY/ORD_20260812_1042/UTIB42271,10136.22,10136.22,0.0,0,1.0,TIER_1_EXACT,1.0,MATCHED
LEDGER_1038,BANK_9038,ORD_20260818_1038,UPI/RAZORPAY/PAY/ORD_20260818_1038/UTIB82845,13655.82,13655.82,0.0,1,1.0,TIER_1_EXACT,1.0,MATCHED
LEDGER_1137,BANK_9137,ORD_20260819_1137,RAZORPAY/ORD_20260819_1137/NET_PAYOUT,9137.73,9088.42,49.31,3,1.0,TIER_2_FEE_ADJUSTED,0.9,MATCHED
LEDGER_1024,BANK_9024,ORD_20260812_1024,CMS/RAZORPAY/ORD_20260812_1024/UTIB26828,1707.14,1707.14,0.0,2,1.0,TIER_1_EXACT,1.0,MATCHED
LEDGER_1106,BANK_9106,ORD_20260824_1106,NEFT-RAZORPAY-SETTL/ORD_20260824_1106/UTIB41890,11817.57,11817.57,0.0,0,1.0,TIER_1_EXACT,1.0,MATCHED
LEDGER_1078,BANK_9078,ORD_20260820_1078,NEFT-RAZORPAY-SETTL/ORD_20260820_1078/UTIB30861,13990.06,13990.06,0.0,2,1.0,TIER_1_EXACT,1.0,MATCHED
LEDGER_1056,BANK_9056,ORD_20260813_1056,UPI/RAZORPAY/PAY/ORD_20260813_1056/UTIB30257,5487.63,5487.63,0.0,2,1.0,TIER_1_EXACT,1.0,MATCHED
LEDGER_1124,BANK_9124,ORD_20260813_1124,NEFT-RAZORPAY-ORD_20260813_1124,11119.76,11119.76,0.0,6,1.0,TIER_2_FEE_ADJUSTED,0.9,MATCHED
LEDGER_1055,BANK_9055,ORD_20260819_1055,UPI/RAZORPAY/PAY/ORD_20260819_1055/UTIB42706,5700.64,5700.64,0.0,0,1.0,TIER_1_EXACT,1.0,MATCHED
LEDGER_1094,BANK_9094,ORD_20260813_1094,UPI/RAZORPAY/PAY/ORD_20260813_1094/UTIB13365,11601.31,11601.31,0.0,0,1.0,TIER_1_EXACT,1.0,MATCHED
LEDGER_1151,BANK_9151,ORD_20260812_1151,NEFT-RAZORPAY-ORD_20260812_1151,16839.87,16839.87,0.0,8,0.7083,TIER_4_UNMATCHED,0.0,UNMATCHED_FLAGGED
LEDGER_1196,BANK_9085,ORD_20260813_1196,CMS/RAZORPAY/ORD_20260817_1085/UTIB60968,7396.97,7427.74,30.77,6,0.5263,TIER_4_UNMATCHED,0.0,UNMATCHED_FLAGGED
LEDGER_1159,BANK_9159,ORD_20260824_1159,RAZORPAY/ORD_20260824_1159/NET_PAYOUT,17760.52,17589.85,170.67,2,1.0,TIER_2_FEE_ADJUSTED,0.9,MATCHED
LEDGER_1067,BANK_9067,ORD_20260820_1067,NEFT-RAZORPAY-SETTL/ORD_20260820_1067/UTIB76469,9297.36,9297.36,0.0,2,1.0,TIER_1_EXACT,1.0,MATCHED
LEDGER_1133,BANK_9133,ORD_20260811_1133,NEFT-RAZORPAY-ORD_20260811_1133,9448.86,9448.86,0.0,7,1.0,TIER_2_FEE_ADJUSTED,0.9,MATCHED
LEDGER_1212,BANK_9096,ORD_20260810_1212,CMS/RAZORPAY/ORD_20260817_1096/UTIB55508,1992.51,1938.02,54.49,1,0.4561,TIER_4_UNMATCHED,0.0,UNMATCHED_FLAGGED
LEDGER_1129,BANK_9129,ORD_20260818_1129,RAZORPAY_ADJ_ORD_20260818_1129,11709.72,11378.08,331.64,3,1.0,TIER_2_FEE_ADJUSTED,0.9,MATCHED
LEDGER_1064,BANK_9064,ORD_20260821_1064,UPI/RAZORPAY/PAY/ORD_20260821_1064/UTIB25157,10842.62,10842.62,0.0,2,1.0,TIER_1_EXACT,1.0,MATCHED
LEDGER_1175,BANK_9130,ORD_20260823_1175,RAZORPAY_ADJ_ORD_20260818_1130,3740.76,3870.15,129.39,15,0.5532,TIER_4_UNMATCHED,0.0,UNMATCHED_FLAGGED
LEDGER_1216,BANK_9080,ORD_20260817_1216,NEFT-RAZORPAY-SETTL/ORD_20260817_1080/UTIB54020,4166.93,4414.44,247.51,2,0.4688,TIER_4_UNMATCHED,0.0,UNMATCHED_FLAGGED
LEDGER_1198,BANK_9162,ORD_20260823_1198,RAZORPAY/ORD_20260821_1162/NET_PAYOUT,11446.07,11506.81,60.74,1,0.5185,TIER_4_UNMATCHED,0.0,UNMATCHED_FLAGGED
LEDGER_1223,BANK_9130,ORD_20260812_1223,RAZORPAY_ADJ_ORD_20260818_1130,3699.83,3870.15,170.32,13,0.5957,TIER_4_UNMATCHED,0.0,UNMATCHED_FLAGGED
LEDGER_1099,BANK_9099,ORD_20260815_1099,UPI/RAZORPAY/PAY/ORD_20260815_1099/UTIB73372,10861.53,10861.53,0.0,2,1.0,TIER_1_EXACT,1.0,MATCHED
LEDGER_1113,BANK_9113,ORD_20260818_1113,CMS/RAZORPAY/ORD_20260818_1113/UTIB93606,1142.58,1142.58,0.0,2,1.0,TIER_1_EXACT,1.0,MATCHED
LEDGER_1103,BANK_9103,ORD_20260821_1103,UPI/RAZORPAY/PAY/ORD_20260821_1103/UTIB46211,11827.2,11827.2,0.0,2,1.0,TIER_1_EXACT,1.0,MATCHED
LEDGER_1112,BANK_9112,ORD_20260817_1112,UPI/RAZORPAY/PAY/ORD_20260817_1112/UTIB26591,5618.12,5618.12,0.0,2,1.0,TIER_1_EXACT,1.0,MATCHED
LEDGER_1095,BANK_9095,ORD_20260819_1095,CMS/RAZORPAY/ORD_20260819_1095/UTIB19961,8672.07,8672.07,0.0,2,1.0,TIER_1_EXACT,1.0,MATCHED
LEDGER_1032,BANK_9032,ORD_20260823_1032,CMS/RAZORPAY/ORD_20260823_1032/UTIB98259,5524.56,5524.56,0.0,2,1.0,TIER_1_EXACT,1.0,MATCHED
LEDGER_1070,BANK_9070,ORD_20260819_1070,CMS/RAZORPAY/ORD_20260819_1070/UTIB66346,6292.27,6292.27,0.0,1,1.0,TIER_1_EXACT,1.0,MATCHED
LEDGER_1085,BANK_9085,ORD_20260817_1085,CMS/RAZORPAY/ORD_20260817_1085/UTIB60968,7427.74,7427.74,0.0,1,1.0,TIER_1_EXACT,1.0,MATCHED
LEDGER_1013,BANK_9013,ORD_20260817_1013,CMS/RAZORPAY/ORD_20260817_1013/UTIB37653,12167.82,12167.82,0.0,1,1.0,TIER_1_EXACT,1.0,MATCHED
LEDGER_1177,BANK_9184,ORD_20260824_1177,RAZORPAY_ADJ_ORD_20260816_1184_REV,10501.99,10470.55,31.44,3,0.5098,TIER_4_UNMATCHED,0.0,UNMATCHED_FLAGGED
LEDGER_1074,BANK_9074,ORD_20260825_1074,UPI/RAZORPAY/PAY/ORD_20260825_1074/UTIB85454,9223.02,9223.02,0.0,1,1.0,TIER_1_EXACT,1.0,MATCHED
LEDGER_1049,BANK_9049,ORD_20260818_1049,NEFT-RAZORPAY-SETTL/ORD_20260818_1049/UTIB89276,2141.11,2141.11,0.0,1,1.0,TIER_1_EXACT,1.0,MATCHED
LEDGER_1156,BANK_9156,ORD_20260823_1156,RAZORPAY_PAYOUT_ORD_20260823_11XX,11517.58,11517.58,0.0,1,0.6,TIER_4_UNMATCHED,0.0,UNMATCHED_FLAGGED
LEDGER_1179,BANK_9147,ORD_20260821_1179,RAZORPAY_ADJ_ORD_20260822_1147,7608.7,7681.1,72.4,1,0.6383,TIER_4_UNMATCHED,0.0,UNMATCHED_FLAGGED
LEDGER_1122,BANK_9122,ORD_20260819_1122,NEFT-RAZORPAY-ORD_20260819_1122,1587.76,1587.76,0.0,8,0.7083,TIER_4_UNMATCHED,0.0,UNMATCHED_FLAGGED
LEDGER_1165,BANK_9165,ORD_20260818_1165,RAZORPAY/ORD_20260818_1165/NET_PAYOUT,13599.97,13405.21,194.76,3,1.0,TIER_2_FEE_ADJUSTED,0.9,MATCHED
LEDGER_1102,BANK_9102,ORD_20260822_1102,NEFT-RAZORPAY-SETTL/ORD_20260822_1102/UTIB37802,5270.19,5270.19,0.0,0,1.0,TIER_1_EXACT,1.0,MATCHED
LEDGER_1211,BANK_9096,ORD_20260811_1211,CMS/RAZORPAY/ORD_20260817_1096/UTIB55508,2110.81,1938.02,172.79,4,0.4561,TIER_4_UNMATCHED,0.0,UNMATCHED_FLAGGED
LEDGER_1080,BANK_9080,ORD_20260817_1080,NEFT-RAZORPAY-SETTL/ORD_20260817_1080/UTIB54020,4414.44,4414.44,0.0,0,1.0,TIER_1_EXACT,1.0,MATCHED
LEDGER_1081,BANK_9081,ORD_20260820_1081,CMS/RAZORPAY/ORD_20260820_1081/UTIB60205,13247.16,13247.16,0.0,0,1.0,TIER_1_EXACT,1.0,MATCHED
LEDGER_1011,BANK_9011,ORD_20260812_1011,NEFT-RAZORPAY-SETTL/ORD_20260812_1011/UTIB59735,9192.41,9192.41,0.0,0,1.0,TIER_1_EXACT,1.0,MATCHED
LEDGER_1154,BANK_9154,ORD_20260819_1154,NEFT-RAZORPAY-ORD_20260819_1154,17801.76,17801.76,0.0,5,1.0,TIER_2_FEE_ADJUSTED,0.9,MATCHED
LEDGER_1167,BANK_9167,ORD_20260814_1167,NEFT-RAZORPAY-ORD_20260814_1167,2658.28,2658.28,0.0,8,0.7083,TIER_4_UNMATCHED,0.0,UNMATCHED_FLAGGED
LEDGER_1052,BANK_9052,ORD_20260814_1052,NEFT-RAZORPAY-SETTL/ORD_20260814_1052/UTIB82309,9543.38,9543.38,0.0,2,1.0,TIER_1_EXACT,1.0,MATCHED
LEDGER_1076,BANK_9076,ORD_20260810_1076,CMS/RAZORPAY/ORD_20260810_1076/UTIB77889,13241.92,13241.92,0.0,0,1.0,TIER_1_EXACT,1.0,MATCHED
LEDGER_1010,BANK_9010,ORD_20260821_1010,NEFT-RAZORPAY-SETTL/ORD_20260821_1010/UTIB99593,2801.31,2801.31,0.0,2,1.0,TIER_1_EXACT,1.0,MATCHED
LEDGER_1220,BANK_9187,ORD_20260823_1220,CMS/RAZORPAY/ORD_20260818_6187/UTIB7788,2617.93,2627.57,9.64,2,0.4286,TIER_4_UNMATCHED,0.0,UNMATCHED_FLAGGED
LEDGER_1219,BANK_9181,ORD_20260820_1219,RAZORPAY/OLD_EXP_ORD_20260822_1,4721.83,4728.16,6.33,3,0.5417,TIER_4_UNMATCHED,0.0,UNMATCHED_FLAGGED
LEDGER_1168,BANK_9168,ORD_20260815_1168,NEFT-RAZORPAY-ORD_20260815_1168,4718.8,4718.8,0.0,6,1.0,TIER_2_FEE_ADJUSTED,0.9,MATCHED
LEDGER_1047,BANK_9047,ORD_20260817_1047,UPI/RAZORPAY/PAY/ORD_20260817_1047/UTIB49651,5770.27,5770.27,0.0,2,1.0,TIER_1_EXACT,1.0,MATCHED
LEDGER_1123,BANK_9123,ORD_20260812_1123,RAZORPAY_PAYOUT_ORD_20260812_11XX,13779.1,13779.1,0.0,2,0.6,TIER_4_UNMATCHED,0.0,UNMATCHED_FLAGGED
LEDGER_1119,BANK_9119,ORD_20260823_1119,UPI/RAZORPAY/PAY/ORD_20260823_1119/UTIB23006,4804.81,4804.81,0.0,2,1.0,TIER_1_EXACT,1.0,MATCHED
LEDGER_1045,BANK_9045,ORD_20260824_1045,UPI/RAZORPAY/PAY/ORD_20260824_1045/UTIB83792,5008.3,5008.3,0.0,1,1.0,TIER_1_EXACT,1.0,MATCHED
LEDGER_1087,BANK_9087,ORD_20260810_1087,UPI/RAZORPAY/PAY/ORD_20260810_1087/UTIB66179,13309.21,13309.21,0.0,0,1.0,TIER_1_EXACT,1.0,MATCHED
LEDGER_1190,BANK_9167,ORD_20260824_1190,NEFT-RAZORPAY-ORD_20260814_1167,2734.92,2658.28,76.64,2,0.5833,TIER_4_UNMATCHED,0.0,UNMATCHED_FLAGGED
LEDGER_1202,BANK_9164,ORD_20260818_1202,RAZORPAY_PAYOUT_ORD_20260817_11XX,12244.0,12283.55,39.55,12,0.52,TIER_4_UNMATCHED,0.0,UNMATCHED_FLAGGED
LEDGER_1183,BANK_9183,ORD_20260820_1183,CMS/RAZORPAY/ORD_20260817_6183/UTIB7788,14557.58,14557.58,0.0,1,0.5,TIER_4_UNMATCHED,0.0,UNMATCHED_FLAGGED
LEDGER_1035,BANK_9035,ORD_20260817_1035,CMS/RAZORPAY/ORD_20260817_1035/UTIB16630,12982.35,12982.35,0.0,2,1.0,TIER_1_EXACT,1.0,MATCHED
LEDGER_1086,BANK_9086,ORD_20260820_1086,CMS/RAZORPAY/ORD_20260820_1086/UTIB91560,9994.7,9994.7,0.0,1,1.0,TIER_1_EXACT,1.0,MATCHED
LEDGER_1149,BANK_9149,ORD_20260810_1149,RAZORPAY_PAYOUT_ORD_20260810_11XX,14431.9,14431.9,0.0,1,0.6,TIER_4_UNMATCHED,0.0,UNMATCHED_FLAGGED
LEDGER_1027,BANK_9027,ORD_20260821_1027,CMS/RAZORPAY/ORD_20260821_1027/UTIB39451,6681.14,6681.14,0.0,0,1.0,TIER_1_EXACT,1.0,MATCHED
LEDGER_1161,BANK_9209,ORD_20260819_1161,RAZORPAY_ADJ_ORD_20260824_1209_REV,4689.42,4624.13,65.29,0,0.5098,TIER_4_UNMATCHED,0.0,UNMATCHED_FLAGGED
LEDGER_1169,BANK_9169,ORD_20260818_1169,NEFT-RAZORPAY-ORD_20260818_1169,17999.59,17999.59,0.0,7,1.0,TIER_2_FEE_ADJUSTED,0.9,MATCHED
LEDGER_1201,BANK_9201,ORD_20260813_1201,CMS/RAZORPAY/ORD_20260821_6201/UTIB7788,12730.05,12730.05,0.0,1,0.5357,TIER_4_UNMATCHED,0.0,UNMATCHED_FLAGGED
LEDGER_1089,BANK_9089,ORD_20260816_1089,NEFT-RAZORPAY-SETTL/ORD_20260816_1089/UTIB43065,6951.28,6951.28,0.0,1,1.0,TIER_1_EXACT,1.0,MATCHED
LEDGER_1192,BANK_9170,ORD_20260812_1192,RAZORPAY_PAYOUT_ORD_20260813_11XX,9709.71,9700.33,9.38,1,0.56,TIER_4_UNMATCHED,0.0,UNMATCHED_FLAGGED
LEDGER_1092,BANK_9092,ORD_20260810_1092,UPI/RAZORPAY/PAY/ORD_20260810_1092/UTIB24993,9366.73,9366.73,0.0,1,1.0,TIER_1_EXACT,1.0,MATCHED
LEDGER_1213,BANK_9196,ORD_20260814_1213,RAZORPAY_ADJ_ORD_20260813_1196_REV,6106.59,6287.42,180.83,8,0.549,TIER_4_UNMATCHED,0.0,UNMATCHED_FLAGGED
LEDGER_1065,BANK_9065,ORD_20260822_1065,UPI/RAZORPAY/PAY/ORD_20260822_1065/UTIB67154,13339.68,13339.68,0.0,0,1.0,TIER_1_EXACT,1.0,MATCHED
LEDGER_1096,BANK_9096,ORD_20260817_1096,CMS/RAZORPAY/ORD_20260817_1096/UTIB55508,1938.02,1938.02,0.0,2,1.0,TIER_1_EXACT,1.0,MATCHED
LEDGER_1185,BANK_9163,ORD_20260814_1185,RAZORPAY_ADJ_ORD_20260822_1163,5492.48,5649.34,156.86,0,0.5532,TIER_4_UNMATCHED,0.0,UNMATCHED_FLAGGED
LEDGER_1163,BANK_9163,ORD_20260822_1163,RAZORPAY_ADJ_ORD_20260822_1163,6090.83,5649.34,441.49,3,0.7234,TIER_4_UNMATCHED,0.0,UNMATCHED_FLAGGED
LEDGER_1012,BANK_9012,ORD_20260818_1012,NEFT-RAZORPAY-SETTL/ORD_20260818_1012/UTIB17331,14476.89,14476.89,0.0,2,1.0,TIER_1_EXACT,1.0,MATCHED
LEDGER_1121,BANK_9130,ORD_20260812_1121,RAZORPAY_ADJ_ORD_20260818_1130,3894.64,3870.15,24.49,3,0.5957,TIER_4_UNMATCHED,0.0,UNMATCHED_FLAGGED
LEDGER_1100,BANK_9100,ORD_20260824_1100,CMS/RAZORPAY/ORD_20260824_1100/UTIB21359,6645.43,6645.43,0.0,1,1.0,TIER_1_EXACT,1.0,MATCHED
LEDGER_1006,BANK_9006,ORD_20260821_1006,UPI/RAZORPAY/PAY/ORD_20260821_1006/UTIB70217,12468.95,12468.95,0.0,0,1.0,TIER_1_EXACT,1.0,MATCHED
LEDGER_1142,BANK_9142,ORD_20260816_1142,RAZORPAY/ORD_20260816_1142/NET_PAYOUT,18145.18,18001.45,143.73,2,1.0,TIER_2_FEE_ADJUSTED,0.9,MATCHED
LEDGER_1189,BANK_9138,ORD_20260824_1189,RAZORPAY/ORD_20260817_1138/NET_PAYOUT,14004.59,14043.72,39.13,9,0.5185,TIER_4_UNMATCHED,0.0,UNMATCHED_FLAGGED
LEDGER_1130,BANK_9161,ORD_20260818_1130,RAZORPAY_ADJ_ORD_20260819_1161,4359.32,4502.09,142.77,2,0.5957,TIER_4_UNMATCHED,0.0,UNMATCHED_FLAGGED
LEDGER_1140,BANK_9140,ORD_20260814_1140,NEFT-RAZORPAY-ORD_20260814_1140,10259.75,10259.75,0.0,8,0.7083,TIER_4_UNMATCHED,0.0,UNMATCHED_FLAGGED
LEDGER_1194,BANK_9189,ORD_20260823_1194,RAZORPAY_ADJ_ORD_20260824_1189_REV,12064.04,11903.9,160.14,7,0.5882,TIER_4_UNMATCHED,0.0,UNMATCHED_FLAGGED
LEDGER_1018,BANK_9018,ORD_20260822_1018,CMS/RAZORPAY/ORD_20260822_1018/UTIB99166,8957.57,8957.57,0.0,2,1.0,TIER_1_EXACT,1.0,MATCHED
LEDGER_1093,BANK_9093,ORD_20260816_1093,UPI/RAZORPAY/PAY/ORD_20260816_1093/UTIB89593,7098.13,7098.13,0.0,0,1.0,TIER_1_EXACT,1.0,MATCHED
LEDGER_1135,BANK_9127,ORD_20260824_1135,RAZORPAY_ADJ_ORD_20260825_1127,8674.67,8723.98,49.31,1,0.5957,TIER_4_UNMATCHED,0.0,UNMATCHED_FLAGGED
LEDGER_1022,BANK_9022,ORD_20260816_1022,NEFT-RAZORPAY-SETTL/ORD_20260816_1022/UTIB74042,2675.43,2675.43,0.0,2,1.0,TIER_1_EXACT,1.0,MATCHED
LEDGER_1172,BANK_9147,ORD_20260818_1172,RAZORPAY_ADJ_ORD_20260822_1147,7753.98,7681.1,72.88,2,0.5957,TIER_4_UNMATCHED,0.0,UNMATCHED_FLAGGED
LEDGER_1171,BANK_9171,ORD_20260822_1171,CMS/RAZORPAY/ORD_20260821_6171/UTIB7788,3110.46,3110.46,0.0,1,0.5357,TIER_4_UNMATCHED,0.0,UNMATCHED_FLAGGED
LEDGER_1048,BANK_9048,ORD_20260810_1048,CMS/RAZORPAY/ORD_20260810_1048/UTIB27601,9929.42,9929.42,0.0,2,1.0,TIER_1_EXACT,1.0,MATCHED
LEDGER_1107,BANK_9107,ORD_20260819_1107,UPI/RAZORPAY/PAY/ORD_20260819_1107/UTIB55056,9924.87,9924.87,0.0,2,1.0,TIER_1_EXACT,1.0,MATCHED
LEDGER_1147,BANK_9192,ORD_20260822_1147,RAZORPAY_PAYOUT_ORD_20260812_1188,8168.79,8413.47,244.68,1,0.56,TIER_4_UNMATCHED,0.0,UNMATCHED_FLAGGED
LEDGER_1209,BANK_9163,ORD_20260824_1209,RAZORPAY_ADJ_ORD_20260822_1163,5440.15,5649.34,209.19,1,0.5532,TIER_4_UNMATCHED,0.0,UNMATCHED_FLAGGED
LEDGER_1091,BANK_9091,ORD_20260812_1091,CMS/RAZORPAY/ORD_20260812_1091/UTIB36130,11532.18,11532.18,0.0,0,1.0,TIER_1_EXACT,1.0,MATCHED
LEDGER_1158,BANK_9158,ORD_20260814_1158,RAZORPAY_ADJ_ORD_20260814_1158,5303.35,5063.99,239.36,2,0.7234,TIER_4_UNMATCHED,0.0,UNMATCHED_FLAGGED
LEDGER_1001,BANK_9001,ORD_20260813_1001,CMS/RAZORPAY/ORD_20260813_1001/UTIB23434,845.41,845.41,0.0,0,1.0,TIER_1_EXACT,1.0,MATCHED
LEDGER_1110,BANK_9110,ORD_20260813_1110,CMS/RAZORPAY/ORD_20260813_1110/UTIB73464,10989.99,10989.99,0.0,0,1.0,TIER_1_EXACT,1.0,MATCHED
LEDGER_1075,BANK_9075,ORD_20260816_1075,CMS/RAZORPAY/ORD_20260816_1075/UTIB29342,10697.7,10697.7,0.0,1,1.0,TIER_1_EXACT,1.0,MATCHED
LEDGER_1037,BANK_9037,ORD_20260816_1037,CMS/RAZORPAY/ORD_20260816_1037/UTIB61173,12841.87,12841.87,0.0,1,1.0,TIER_1_EXACT,1.0,MATCHED
LEDGER_1184,BANK_9164,ORD_20260816_1184,RAZORPAY_PAYOUT_ORD_20260817_11XX,12318.3,12283.55,34.75,5,0.56,TIER_4_UNMATCHED,0.0,UNMATCHED_FLAGGED
LEDGER_1225,BANK_9121,ORD_20260812_1225,RAZORPAY_ADJ_ORD_20260812_1121,3398.89,3503.36,104.47,7,0.6383,TIER_4_UNMATCHED,0.0,UNMATCHED_FLAGGED
LEDGER_1148,BANK_9148,ORD_20260820_1148,RAZORPAY/ORD_20260820_1148/NET_PAYOUT,17173.82,16994.03,179.79,2,1.0,TIER_2_FEE_ADJUSTED,0.9,MATCHED
LEDGER_1132,BANK_9132,ORD_20260823_1132,RAZORPAY_ADJ_ORD_20260823_1132,13896.2,13461.45,434.75,4,1.0,TIER_2_FEE_ADJUSTED,0.9,MATCHED
LEDGER_1162,BANK_9162,ORD_20260821_1162,RAZORPAY/ORD_20260821_1162/NET_PAYOUT,11683.0,11506.81,176.19,3,1.0,TIER_2_FEE_ADJUSTED,0.9,MATCHED
LEDGER_1005,BANK_9005,ORD_20260818_1005,NEFT-RAZORPAY-SETTL/ORD_20260818_1005/UTIB22676,2699.36,2699.36,0.0,0,1.0,TIER_1_EXACT,1.0,MATCHED
LEDGER_1138,BANK_9138,ORD_20260817_1138,RAZORPAY/ORD_20260817_1138/NET_PAYOUT,14196.15,14043.72,152.43,1,1.0,TIER_2_FEE_ADJUSTED,0.9,MATCHED
LEDGER_1153,BANK_9153,ORD_20260812_1153,RAZORPAY/ORD_20260812_1153/NET_PAYOUT,9060.55,8973.3,87.25,3,1.0,TIER_2_FEE_ADJUSTED,0.9,MATCHED
LEDGER_1128,BANK_9128,ORD_20260818_1128,RAZORPAY/ORD_20260818_1128/NET_PAYOUT,1461.6,1439.23,22.37,3,1.0,TIER_2_FEE_ADJUSTED,0.9,MATCHED
LEDGER_1215,BANK_9122,ORD_20260823_1215,NEFT-RAZORPAY-ORD_20260819_1122,1781.36,1587.76,193.6,5,0.5417,TIER_4_UNMATCHED,0.0,UNMATCHED_FLAGGED
LEDGER_1029,BANK_9029,ORD_20260812_1029,CMS/RAZORPAY/ORD_20260812_1029/UTIB53309,10602.23,10602.23,0.0,0,1.0,TIER_1_EXACT,1.0,MATCHED
LEDGER_1017,BANK_9017,ORD_20260814_1017,CMS/RAZORPAY/ORD_20260814_1017/UTIB60432,9358.02,9358.02,0.0,2,1.0,TIER_1_EXACT,1.0,MATCHED
LEDGER_1118,BANK_9118,ORD_20260817_1118,NEFT-RAZORPAY-SETTL/ORD_20260817_1118/UTIB87139,11512.61,11512.61,0.0,1,1.0,TIER_1_EXACT,1.0,MATCHED
LEDGER_1160,BANK_9160,ORD_20260819_1160,NEFT-RAZORPAY-ORD_20260819_1160,12877.04,12877.04,0.0,8,0.7083,TIER_4_UNMATCHED,0.0,UNMATCHED_FLAGGED
LEDGER_1204,BANK_9161,ORD_20260821_1204,RAZORPAY_ADJ_ORD_20260819_1161,4271.1,4502.09,230.99,11,0.5532,TIER_4_UNMATCHED,0.0,UNMATCHED_FLAGGED
LEDGER_1164,BANK_9164,ORD_20260817_1164,RAZORPAY_PAYOUT_ORD_20260817_11XX,12283.55,12283.55,0.0,1,0.6,TIER_4_UNMATCHED,0.0,UNMATCHED_FLAGGED
LEDGER_1108,BANK_9108,ORD_20260823_1108,UPI/RAZORPAY/PAY/ORD_20260823_1108/UTIB69473,14577.38,14577.38,0.0,1,1.0,TIER_1_EXACT,1.0,MATCHED
LEDGER_1062,BANK_9062,ORD_20260822_1062,CMS/RAZORPAY/ORD_20260822_1062/UTIB44237,10094.18,10094.18,0.0,0,1.0,TIER_1_EXACT,1.0,MATCHED
