ledger_txn_id,bank_txn_id,merchant_order_id,bank_narration,net_amount,bank_amount,amount_diff,date_gap_days,ref_similarity,match_tier,confidence_score,status,ml_confidence_score,ml_prediction
LEDGER_1181,BANK_9080,ORD_20260822_1181,NEFT-RAZORPAY-SETTL/ORD_20260817_1080/UTIB54020,4378.16,4414.44,36.28,6,0.4062,TIER_4_UNMATCHED,0.0,UNMATCHED_FLAGGED,0.0488,HONEST_EXCEPTION
LEDGER_1222,BANK_9100,ORD_20260824_1222,CMS/RAZORPAY/ORD_20260824_1100/UTIB21359,6605.39,6645.43,40.04,2,0.5263,TIER_4_UNMATCHED,0.0,UNMATCHED_FLAGGED,0.2469,HONEST_EXCEPTION
LEDGER_1191,BANK_9191,ORD_20260823_1191,CMS/RAZORPAY/ORD_20260813_6191/UTIB7788,8206.03,8206.03,0.0,1,0.5357,TIER_4_UNMATCHED,0.0,UNMATCHED_FLAGGED,0.1613,HONEST_EXCEPTION
LEDGER_1145,BANK_9145,ORD_20260822_1145,RAZORPAY_PAYOUT_ORD_20260822_11XX,9458.52,9458.52,0.0,1,0.6,TIER_4_UNMATCHED,0.0,UNMATCHED_FLAGGED,0.9089,RESOLVED_BY_ML
LEDGER_1170,BANK_9170,ORD_20260813_1170,RAZORPAY_PAYOUT_ORD_20260813_11XX,9700.33,9700.33,0.0,1,0.6,TIER_4_UNMATCHED,0.0,UNMATCHED_FLAGGED,0.9089,RESOLVED_BY_ML
LEDGER_1208,BANK_9155,ORD_20260812_1208,RAZORPAY_PAYOUT_ORD_20260819_11XX,7605.26,7654.58,49.32,1,0.52,TIER_4_UNMATCHED,0.0,UNMATCHED_FLAGGED,0.1755,HONEST_EXCEPTION
LEDGER_1193,BANK_9108,ORD_20260820_1193,UPI/RAZORPAY/PAY/ORD_20260823_1108/UTIB69473,14631.56,14577.38,54.18,2,0.5246,TIER_4_UNMATCHED,0.0,UNMATCHED_FLAGGED,0.2611,HONEST_EXCEPTION
LEDGER_1173,BANK_9173,ORD_20260821_1173,CMS/RAZORPAY/ORD_20260813_6173/UTIB7788,10557.42,10557.42,0.0,1,0.5357,TIER_4_UNMATCHED,0.0,UNMATCHED_FLAGGED,0.1613,HONEST_EXCEPTION
LEDGER_1197,BANK_9197,ORD_20260814_1197,CMS/RAZORPAY/ORD_20260825_6197/UTIB7788,2815.28,2815.28,0.0,1,0.5,TIER_4_UNMATCHED,0.0,UNMATCHED_FLAGGED,0.0194,HONEST_EXCEPTION
LEDGER_1199,BANK_9199,ORD_20260820_1199,CMS/RAZORPAY/ORD_20260813_6199/UTIB7788,7193.7,7193.7,0.0,1,0.5,TIER_4_UNMATCHED,0.0,UNMATCHED_FLAGGED,0.0194,HONEST_EXCEPTION
LEDGER_1126,BANK_9170,ORD_20260813_1126,RAZORPAY_PAYOUT_ORD_20260813_11XX,9707.15,9700.33,6.82,6,0.6,TIER_4_UNMATCHED,0.0,UNMATCHED_FLAGGED,0.9106,RESOLVED_BY_ML
LEDGER_1174,BANK_9140,ORD_20260820_1174,NEFT-RAZORPAY-ORD_20260814_1140,10211.09,10259.75,48.66,3,0.5833,TIER_4_UNMATCHED,0.0,UNMATCHED_FLAGGED,0.4306,HONEST_EXCEPTION
LEDGER_1224,BANK_9121,ORD_20260817_1224,RAZORPAY_ADJ_ORD_20260812_1121,3692.22,3503.36,188.86,4,0.5957,TIER_4_UNMATCHED,0.0,UNMATCHED_FLAGGED,0.1614,HONEST_EXCEPTION
LEDGER_1218,BANK_9001,ORD_20260823_1218,CMS/RAZORPAY/ORD_20260813_1001/UTIB23434,627.75,845.41,217.66,5,0.4912,TIER_4_UNMATCHED,0.0,UNMATCHED_FLAGGED,0.0,HONEST_EXCEPTION
LEDGER_1206,BANK_9084,ORD_20260816_1206,NEFT-RAZORPAY-SETTL/ORD_20260822_1084/UTIB80545,7308.66,7267.89,40.77,0,0.4062,TIER_4_UNMATCHED,0.0,UNMATCHED_FLAGGED,0.05,HONEST_EXCEPTION
LEDGER_1217,BANK_9121,ORD_20260812_1217,RAZORPAY_ADJ_ORD_20260812_1121,3408.47,3503.36,94.89,15,0.6809,TIER_4_UNMATCHED,0.0,UNMATCHED_FLAGGED,0.2617,HONEST_EXCEPTION
LEDGER_1188,BANK_9188,ORD_20260812_1188,CMS/RAZORPAY/ORD_20260825_6188/UTIB7788,7671.03,7671.03,0.0,1,0.5357,TIER_4_UNMATCHED,0.0,UNMATCHED_FLAGGED,0.1613,HONEST_EXCEPTION
LEDGER_1176,BANK_9175,ORD_20260825_1176,RAZORPAY_ADJ_ORD_20260823_1175_REV,3198.23,3179.65,18.58,6,0.5882,TIER_4_UNMATCHED,0.0,UNMATCHED_FLAGGED,0.4906,HONEST_EXCEPTION
LEDGER_1210,BANK_9032,ORD_20260823_1210,CMS/RAZORPAY/ORD_20260823_1032/UTIB98259,5568.56,5524.56,44.0,1,0.5263,TIER_4_UNMATCHED,0.0,UNMATCHED_FLAGGED,0.1755,HONEST_EXCEPTION
LEDGER_1150,BANK_9150,ORD_20260825_1150,NEFT-RAZORPAY-ORD_20260825_1150,15532.0,15532.0,0.0,8,0.7083,TIER_4_UNMATCHED,0.0,UNMATCHED_FLAGGED,0.8959,RESOLVED_BY_ML
LEDGER_1207,BANK_9081,ORD_20260820_1207,CMS/RAZORPAY/ORD_20260820_1081/UTIB60205,13213.78,13247.16,33.38,0,0.5614,TIER_4_UNMATCHED,0.0,UNMATCHED_FLAGGED,0.2982,HONEST_EXCEPTION
LEDGER_1187,BANK_9187,ORD_20260815_1187,CMS/RAZORPAY/ORD_20260818_6187/UTIB7788,2627.57,2627.57,0.0,1,0.5357,TIER_4_UNMATCHED,0.0,UNMATCHED_FLAGGED,0.1613,HONEST_EXCEPTION
LEDGER_1125,BANK_9125,ORD_20260812_1125,NEFT-RAZORPAY-ORD_20260812_1125,2090.46,2090.46,0.0,8,0.7083,TIER_4_UNMATCHED,0.0,UNMATCHED_FLAGGED,0.8959,RESOLVED_BY_ML
LEDGER_1157,BANK_9157,ORD_20260812_1157,RAZORPAY_PAYOUT_ORD_20260812_11XX,12328.73,12328.73,0.0,2,0.6,TIER_4_UNMATCHED,0.0,UNMATCHED_FLAGGED,0.9666,RESOLVED_BY_ML
LEDGER_1155,BANK_9155,ORD_20260819_1155,RAZORPAY_PAYOUT_ORD_20260819_11XX,7654.58,7654.58,0.0,1,0.6,TIER_4_UNMATCHED,0.0,UNMATCHED_FLAGGED,0.9089,RESOLVED_BY_ML
LEDGER_1203,BANK_9056,ORD_20260810_1203,UPI/RAZORPAY/PAY/ORD_20260813_1056/UTIB30257,5441.47,5487.63,46.16,6,0.459,TIER_4_UNMATCHED,0.0,UNMATCHED_FLAGGED,0.0288,HONEST_EXCEPTION
LEDGER_1178,BANK_9178,ORD_20260813_1178,CMS/RAZORPAY/ORD_20260825_6178/UTIB7788,9803.41,9803.41,0.0,1,0.5,TIER_4_UNMATCHED,0.0,UNMATCHED_FLAGGED,0.0194,HONEST_EXCEPTION
LEDGER_1180,BANK_9180,ORD_20260813_1180,CMS/RAZORPAY/ORD_20260821_6180/UTIB7788,8896.5,8896.5,0.0,1,0.5357,TIER_4_UNMATCHED,0.0,UNMATCHED_FLAGGED,0.1613,HONEST_EXCEPTION
LEDGER_1221,BANK_9147,ORD_20260810_1221,RAZORPAY_ADJ_ORD_20260822_1147,7591.57,7681.1,89.53,1,0.5532,TIER_4_UNMATCHED,0.0,UNMATCHED_FLAGGED,0.3018,HONEST_EXCEPTION
LEDGER_1186,BANK_9121,ORD_20260813_1186,RAZORPAY_ADJ_ORD_20260812_1121,3639.17,3503.36,135.81,5,0.5957,TIER_4_UNMATCHED,0.0,UNMATCHED_FLAGGED,0.3195,HONEST_EXCEPTION
LEDGER_1200,BANK_9206,ORD_20260819_1200,RAZORPAY_PAYOUT_ORD_20260816_1288,6439.97,6374.64,65.33,7,0.56,TIER_4_UNMATCHED,0.0,UNMATCHED_FLAGGED,0.3159,HONEST_EXCEPTION
LEDGER_1182,BANK_9182,ORD_20260812_1182,CMS/RAZORPAY/ORD_20260816_6182/UTIB7788,10135.32,10135.32,0.0,1,0.5357,TIER_4_UNMATCHED,0.0,UNMATCHED_FLAGGED,0.1613,HONEST_EXCEPTION
LEDGER_1127,BANK_9011,ORD_20260825_1127,NEFT-RAZORPAY-SETTL/ORD_20260812_1011/UTIB59735,9131.07,9192.41,61.34,6,0.4688,TIER_4_UNMATCHED,0.0,UNMATCHED_FLAGGED,0.0288,HONEST_EXCEPTION
LEDGER_1195,BANK_9006,ORD_20260823_1195,UPI/RAZORPAY/PAY/ORD_20260821_1006/UTIB70217,12501.32,12468.95,32.37,4,0.459,TIER_4_UNMATCHED,0.0,UNMATCHED_FLAGGED,0.0888,HONEST_EXCEPTION
LEDGER_1205,BANK_9205,ORD_20260812_1205,CMS/RAZORPAY/ORD_20260814_6205/UTIB7788,11399.95,11399.95,0.0,1,0.5357,TIER_4_UNMATCHED,0.0,UNMATCHED_FLAGGED,0.1613,HONEST_EXCEPTION
LEDGER_1214,BANK_9128,ORD_20260820_1214,RAZORPAY/ORD_20260818_1128/NET_PAYOUT,1371.88,1439.23,67.35,5,0.4815,TIER_4_UNMATCHED,0.0,UNMATCHED_FLAGGED,0.0367,HONEST_EXCEPTION
LEDGER_1151,BANK_9151,ORD_20260812_1151,NEFT-RAZORPAY-ORD_20260812_1151,16839.87,16839.87,0.0,8,0.7083,TIER_4_UNMATCHED,0.0,UNMATCHED_FLAGGED,0.8959,RESOLVED_BY_ML
LEDGER_1196,BANK_9085,ORD_20260813_1196,CMS/RAZORPAY/ORD_20260817_1085/UTIB60968,7396.97,7427.74,30.77,6,0.5263,TIER_4_UNMATCHED,0.0,UNMATCHED_FLAGGED,0.2469,HONEST_EXCEPTION
LEDGER_1212,BANK_9096,ORD_20260810_1212,CMS/RAZORPAY/ORD_20260817_1096/UTIB55508,1992.51,1938.02,54.49,1,0.4561,TIER_4_UNMATCHED,0.0,UNMATCHED_FLAGGED,0.02,HONEST_EXCEPTION
LEDGER_1175,BANK_9130,ORD_20260823_1175,RAZORPAY_ADJ_ORD_20260818_1130,3740.76,3870.15,129.39,15,0.5532,TIER_4_UNMATCHED,0.0,UNMATCHED_FLAGGED,0.0738,HONEST_EXCEPTION
LEDGER_1216,BANK_9080,ORD_20260817_1216,NEFT-RAZORPAY-SETTL/ORD_20260817_1080/UTIB54020,4166.93,4414.44,247.51,2,0.4688,TIER_4_UNMATCHED,0.0,UNMATCHED_FLAGGED,0.0367,HONEST_EXCEPTION
LEDGER_1198,BANK_9162,ORD_20260823_1198,RAZORPAY/ORD_20260821_1162/NET_PAYOUT,11446.07,11506.81,60.74,1,0.5185,TIER_4_UNMATCHED,0.0,UNMATCHED_FLAGGED,0.1755,HONEST_EXCEPTION
LEDGER_1223,BANK_9130,ORD_20260812_1223,RAZORPAY_ADJ_ORD_20260818_1130,3699.83,3870.15,170.32,13,0.5957,TIER_4_UNMATCHED,0.0,UNMATCHED_FLAGGED,0.09,HONEST_EXCEPTION
LEDGER_1177,BANK_9184,ORD_20260824_1177,RAZORPAY_ADJ_ORD_20260816_1184_REV,10501.99,10470.55,31.44,3,0.5098,TIER_4_UNMATCHED,0.0,UNMATCHED_FLAGGED,0.1088,HONEST_EXCEPTION
LEDGER_1156,BANK_9156,ORD_20260823_1156,RAZORPAY_PAYOUT_ORD_20260823_11XX,11517.58,11517.58,0.0,1,0.6,TIER_4_UNMATCHED,0.0,UNMATCHED_FLAGGED,0.9089,RESOLVED_BY_ML
LEDGER_1179,BANK_9147,ORD_20260821_1179,RAZORPAY_ADJ_ORD_20260822_1147,7608.7,7681.1,72.4,1,0.6383,TIER_4_UNMATCHED,0.0,UNMATCHED_FLAGGED,0.5709,HONEST_EXCEPTION
LEDGER_1122,BANK_9122,ORD_20260819_1122,NEFT-RAZORPAY-ORD_20260819_1122,1587.76,1587.76,0.0,8,0.7083,TIER_4_UNMATCHED,0.0,UNMATCHED_FLAGGED,0.8959,RESOLVED_BY_ML
LEDGER_1211,BANK_9096,ORD_20260811_1211,CMS/RAZORPAY/ORD_20260817_1096/UTIB55508,2110.81,1938.02,172.79,4,0.4561,TIER_4_UNMATCHED,0.0,UNMATCHED_FLAGGED,0.0167,HONEST_EXCEPTION
LEDGER_1167,BANK_9167,ORD_20260814_1167,NEFT-RAZORPAY-ORD_20260814_1167,2658.28,2658.28,0.0,8,0.7083,TIER_4_UNMATCHED,0.0,UNMATCHED_FLAGGED,0.8959,RESOLVED_BY_ML
LEDGER_1220,BANK_9187,ORD_20260823_1220,CMS/RAZORPAY/ORD_20260818_6187/UTIB7788,2617.93,2627.57,9.64,2,0.4286,TIER_4_UNMATCHED,0.0,UNMATCHED_FLAGGED,0.1688,HONEST_EXCEPTION
LEDGER_1219,BANK_9181,ORD_20260820_1219,RAZORPAY/OLD_EXP_ORD_20260822_1,4721.83,4728.16,6.33,3,0.5417,TIER_4_UNMATCHED,0.0,UNMATCHED_FLAGGED,0.3287,HONEST_EXCEPTION
LEDGER_1123,BANK_9123,ORD_20260812_1123,RAZORPAY_PAYOUT_ORD_20260812_11XX,13779.1,13779.1,0.0,2,0.6,TIER_4_UNMATCHED,0.0,UNMATCHED_FLAGGED,0.9666,RESOLVED_BY_ML
LEDGER_1190,BANK_9167,ORD_20260824_1190,NEFT-RAZORPAY-ORD_20260814_1167,2734.92,2658.28,76.64,2,0.5833,TIER_4_UNMATCHED,0.0,UNMATCHED_FLAGGED,0.3266,HONEST_EXCEPTION
LEDGER_1202,BANK_9164,ORD_20260818_1202,RAZORPAY_PAYOUT_ORD_20260817_11XX,12244.0,12283.55,39.55,12,0.52,TIER_4_UNMATCHED,0.0,UNMATCHED_FLAGGED,0.2127,HONEST_EXCEPTION
LEDGER_1183,BANK_9183,ORD_20260820_1183,CMS/RAZORPAY/ORD_20260817_6183/UTIB7788,14557.58,14557.58,0.0,1,0.5,TIER_4_UNMATCHED,0.0,UNMATCHED_FLAGGED,0.0194,HONEST_EXCEPTION
LEDGER_1149,BANK_9149,ORD_20260810_1149,RAZORPAY_PAYOUT_ORD_20260810_11XX,14431.9,14431.9,0.0,1,0.6,TIER_4_UNMATCHED,0.0,UNMATCHED_FLAGGED,0.9089,RESOLVED_BY_ML
LEDGER_1161,BANK_9209,ORD_20260819_1161,RAZORPAY_ADJ_ORD_20260824_1209_REV,4689.42,4624.13,65.29,0,0.5098,TIER_4_UNMATCHED,0.0,UNMATCHED_FLAGGED,0.07,HONEST_EXCEPTION
LEDGER_1201,BANK_9201,ORD_20260813_1201,CMS/RAZORPAY/ORD_20260821_6201/UTIB7788,12730.05,12730.05,0.0,1,0.5357,TIER_4_UNMATCHED,0.0,UNMATCHED_FLAGGED,0.1613,HONEST_EXCEPTION
LEDGER_1192,BANK_9170,ORD_20260812_1192,RAZORPAY_PAYOUT_ORD_20260813_11XX,9709.71,9700.33,9.38,1,0.56,TIER_4_UNMATCHED,0.0,UNMATCHED_FLAGGED,0.2689,HONEST_EXCEPTION
LEDGER_1213,BANK_9196,ORD_20260814_1213,RAZORPAY_ADJ_ORD_20260813_1196_REV,6106.59,6287.42,180.83,8,0.549,TIER_4_UNMATCHED,0.0,UNMATCHED_FLAGGED,0.1521,HONEST_EXCEPTION
LEDGER_1185,BANK_9163,ORD_20260814_1185,RAZORPAY_ADJ_ORD_20260822_1163,5492.48,5649.34,156.86,0,0.5532,TIER_4_UNMATCHED,0.0,UNMATCHED_FLAGGED,0.1922,HONEST_EXCEPTION
LEDGER_1163,BANK_9163,ORD_20260822_1163,RAZORPAY_ADJ_ORD_20260822_1163,6090.83,5649.34,441.49,3,0.7234,TIER_4_UNMATCHED,0.0,UNMATCHED_FLAGGED,0.3647,HONEST_EXCEPTION
LEDGER_1121,BANK_9130,ORD_20260812_1121,RAZORPAY_ADJ_ORD_20260818_1130,3894.64,3870.15,24.49,3,0.5957,TIER_4_UNMATCHED,0.0,UNMATCHED_FLAGGED,0.5606,HONEST_EXCEPTION
LEDGER_1189,BANK_9138,ORD_20260824_1189,RAZORPAY/ORD_20260817_1138/NET_PAYOUT,14004.59,14043.72,39.13,9,0.5185,TIER_4_UNMATCHED,0.0,UNMATCHED_FLAGGED,0.2558,HONEST_EXCEPTION
LEDGER_1130,BANK_9161,ORD_20260818_1130,RAZORPAY_ADJ_ORD_20260819_1161,4359.32,4502.09,142.77,2,0.5957,TIER_4_UNMATCHED,0.0,UNMATCHED_FLAGGED,0.3688,HONEST_EXCEPTION
LEDGER_1140,BANK_9140,ORD_20260814_1140,NEFT-RAZORPAY-ORD_20260814_1140,10259.75,10259.75,0.0,8,0.7083,TIER_4_UNMATCHED,0.0,UNMATCHED_FLAGGED,0.8959,RESOLVED_BY_ML
LEDGER_1194,BANK_9189,ORD_20260823_1194,RAZORPAY_ADJ_ORD_20260824_1189_REV,12064.04,11903.9,160.14,7,0.5882,TIER_4_UNMATCHED,0.0,UNMATCHED_FLAGGED,0.3659,HONEST_EXCEPTION
LEDGER_1135,BANK_9127,ORD_20260824_1135,RAZORPAY_ADJ_ORD_20260825_1127,8674.67,8723.98,49.31,1,0.5957,TIER_4_UNMATCHED,0.0,UNMATCHED_FLAGGED,0.5236,HONEST_EXCEPTION
LEDGER_1172,BANK_9147,ORD_20260818_1172,RAZORPAY_ADJ_ORD_20260822_1147,7753.98,7681.1,72.88,2,0.5957,TIER_4_UNMATCHED,0.0,UNMATCHED_FLAGGED,0.5266,HONEST_EXCEPTION
LEDGER_1171,BANK_9171,ORD_20260822_1171,CMS/RAZORPAY/ORD_20260821_6171/UTIB7788,3110.46,3110.46,0.0,1,0.5357,TIER_4_UNMATCHED,0.0,UNMATCHED_FLAGGED,0.1613,HONEST_EXCEPTION
LEDGER_1147,BANK_9192,ORD_20260822_1147,RAZORPAY_PAYOUT_ORD_20260812_1188,8168.79,8413.47,244.68,1,0.56,TIER_4_UNMATCHED,0.0,UNMATCHED_FLAGGED,0.1765,HONEST_EXCEPTION
LEDGER_1209,BANK_9163,ORD_20260824_1209,RAZORPAY_ADJ_ORD_20260822_1163,5440.15,5649.34,209.19,1,0.5532,TIER_4_UNMATCHED,0.0,UNMATCHED_FLAGGED,0.1804,HONEST_EXCEPTION
LEDGER_1158,BANK_9158,ORD_20260814_1158,RAZORPAY_ADJ_ORD_20260814_1158,5303.35,5063.99,239.36,2,0.7234,TIER_4_UNMATCHED,0.0,UNMATCHED_FLAGGED,0.4274,HONEST_EXCEPTION
LEDGER_1184,BANK_9164,ORD_20260816_1184,RAZORPAY_PAYOUT_ORD_20260817_11XX,12318.3,12283.55,34.75,5,0.56,TIER_4_UNMATCHED,0.0,UNMATCHED_FLAGGED,0.3848,HONEST_EXCEPTION
LEDGER_1225,BANK_9121,ORD_20260812_1225,RAZORPAY_ADJ_ORD_20260812_1121,3398.89,3503.36,104.47,7,0.6383,TIER_4_UNMATCHED,0.0,UNMATCHED_FLAGGED,0.3459,HONEST_EXCEPTION
LEDGER_1215,BANK_9122,ORD_20260823_1215,NEFT-RAZORPAY-ORD_20260819_1122,1781.36,1587.76,193.6,5,0.5417,TIER_4_UNMATCHED,0.0,UNMATCHED_FLAGGED,0.0567,HONEST_EXCEPTION
LEDGER_1160,BANK_9160,ORD_20260819_1160,NEFT-RAZORPAY-ORD_20260819_1160,12877.04,12877.04,0.0,8,0.7083,TIER_4_UNMATCHED,0.0,UNMATCHED_FLAGGED,0.8959,RESOLVED_BY_ML
LEDGER_1204,BANK_9161,ORD_20260821_1204,RAZORPAY_ADJ_ORD_20260819_1161,4271.1,4502.09,230.99,11,0.5532,TIER_4_UNMATCHED,0.0,UNMATCHED_FLAGGED,0.03,HONEST_EXCEPTION
LEDGER_1164,BANK_9164,ORD_20260817_1164,RAZORPAY_PAYOUT_ORD_20260817_11XX,12283.55,12283.55,0.0,1,0.6,TIER_4_UNMATCHED,0.0,UNMATCHED_FLAGGED,0.9089,RESOLVED_BY_ML
