ledger_txn_id,settlement_date,merchant_order_id,gross_amount,fee_deducted,net_amount,currency,status
LEDGER_1071,2026-08-07,ORD_20260820_1071,7242.33,144.85,7097.48,INR,SETTLED
LEDGER_1181,2026-08-04,ORD_20260822_1181,4467.51,89.35,4378.16,INR,UNMATCHED_DISPUTED
LEDGER_1120,2026-08-03,ORD_20260816_1120,9569.97,191.4,9378.57,INR,SETTLED
LEDGER_1073,2026-08-05,ORD_20260819_1073,3757.29,56.36,3700.93,INR,SETTLED
LEDGER_1222,2026-08-12,ORD_20260824_1222,6740.19,134.8,6605.39,INR,PENDING_BANK_CONFIRMATION
LEDGER_1191,2026-08-15,ORD_20260823_1191,8373.5,167.47,8206.03,INR,UNMATCHED_DISPUTED
LEDGER_1007,2026-08-03,ORD_20260813_1007,14610.18,292.2,14317.98,INR,SETTLED
LEDGER_1068,2026-08-13,ORD_20260819_1068,10169.95,203.4,9966.55,INR,SETTLED
LEDGER_1145,2026-08-11,ORD_20260822_1145,9651.55,193.03,9458.52,INR,SETTLED
LEDGER_1030,2026-08-16,ORD_20260812_1030,7955.26,159.11,7796.15,INR,SETTLED
LEDGER_1051,2026-08-09,ORD_20260811_1051,1838.33,36.77,1801.56,INR,SETTLED
LEDGER_1170,2026-08-03,ORD_20260813_1170,9898.3,197.97,9700.33,INR,SETTLED
LEDGER_1208,2026-08-14,ORD_20260812_1208,7760.47,155.21,7605.26,INR,UNMATCHED_DISPUTED
LEDGER_1053,2026-08-03,ORD_20260823_1053,8633.15,129.5,8503.65,INR,SETTLED
LEDGER_1061,2026-08-09,ORD_20260822_1061,5259.8,78.9,5180.9,INR,SETTLED
LEDGER_1131,2026-08-11,ORD_20260821_1131,8758.61,175.17,8583.44,INR,SETTLED
LEDGER_1193,2026-08-10,ORD_20260820_1193,14930.16,298.6,14631.56,INR,UNMATCHED_DISPUTED
LEDGER_1039,2026-08-07,ORD_20260825_1039,2744.55,54.89,2689.66,INR,SETTLED
LEDGER_1173,2026-08-16,ORD_20260821_1173,10772.88,215.46,10557.42,INR,UNMATCHED_DISPUTED
LEDGER_1090,2026-08-02,ORD_20260812_1090,7319.45,182.99,7136.46,INR,SETTLED
LEDGER_1054,2026-08-05,ORD_20260811_1054,12601.63,315.04,12286.59,INR,SETTLED
LEDGER_1028,2026-08-08,ORD_20260812_1028,5402.24,135.06,5267.18,INR,SETTLED
LEDGER_1104,2026-08-03,ORD_20260810_1104,7991.1,119.87,7871.23,INR,SETTLED
LEDGER_1197,2026-08-03,ORD_20260814_1197,2872.73,57.45,2815.28,INR,UNMATCHED_DISPUTED
LEDGER_1199,2026-08-14,ORD_20260820_1199,7340.51,146.81,7193.7,INR,UNMATCHED_DISPUTED
LEDGER_1098,2026-08-15,ORD_20260813_1098,6786.09,135.72,6650.37,INR,SETTLED
LEDGER_1126,2026-08-10,ORD_20260813_1126,9905.26,198.11,9707.15,INR,SETTLED
LEDGER_1003,2026-08-14,ORD_20260810_1003,8638.05,215.95,8422.1,INR,SETTLED
LEDGER_1015,2026-08-09,ORD_20260818_1015,2524.64,63.12,2461.52,INR,SETTLED
LEDGER_1023,2026-08-10,ORD_20260810_1023,2122.08,42.44,2079.64,INR,SETTLED
LEDGER_1033,2026-08-11,ORD_20260813_1033,1378.88,34.47,1344.41,INR,SETTLED
LEDGER_1063,2026-08-02,ORD_20260815_1063,8918.55,178.37,8740.18,INR,SETTLED
LEDGER_1041,2026-08-03,ORD_20260815_1041,1324.75,33.12,1291.63,INR,SETTLED
LEDGER_1174,2026-08-15,ORD_20260820_1174,10419.48,208.39,10211.09,INR,UNMATCHED_DISPUTED
LEDGER_1060,2026-08-08,ORD_20260819_1060,12397.78,185.97,12211.81,INR,SETTLED
LEDGER_1044,2026-08-05,ORD_20260820_1044,3960.95,79.22,3881.73,INR,SETTLED
LEDGER_1139,2026-08-04,ORD_20260817_1139,19852.89,397.06,19455.83,INR,SETTLED
LEDGER_1111,2026-08-10,ORD_20260818_1111,11006.48,275.16,10731.32,INR,SETTLED
LEDGER_1166,2026-08-15,ORD_20260811_1166,6869.72,137.39,6732.33,INR,SETTLED
LEDGER_1224,2026-08-13,ORD_20260817_1224,3767.57,75.35,3692.22,INR,PENDING_BANK_CONFIRMATION
LEDGER_1218,2026-08-03,ORD_20260823_1218,640.56,12.81,627.75,INR,PENDING_BANK_CONFIRMATION
LEDGER_1043,2026-08-11,ORD_20260811_1043,9481.03,189.62,9291.41,INR,SETTLED
LEDGER_1206,2026-08-11,ORD_20260816_1206,7457.82,149.16,7308.66,INR,UNMATCHED_DISPUTED
LEDGER_1084,2026-08-10,ORD_20260822_1084,7416.21,148.32,7267.89,INR,SETTLED
LEDGER_1097,2026-08-11,ORD_20260823_1097,10092.06,151.38,9940.68,INR,SETTLED
LEDGER_1025,2026-08-09,ORD_20260825_1025,14229.31,213.44,14015.87,INR,SETTLED
LEDGER_1059,2026-08-08,ORD_20260822_1059,13146.42,262.93,12883.49,INR,SETTLED
LEDGER_1136,2026-08-07,ORD_20260824_1136,15439.82,308.8,15131.02,INR,SETTLED
LEDGER_1217,2026-08-02,ORD_20260812_1217,3478.03,69.56,3408.47,INR,PENDING_BANK_CONFIRMATION
LEDGER_1144,2026-08-15,ORD_20260825_1144,17439.95,348.8,17091.15,INR,SETTLED
LEDGER_1002,2026-08-01,ORD_20260812_1002,9062.14,135.93,8926.21,INR,SETTLED
LEDGER_1188,2026-08-12,ORD_20260812_1188,7827.58,156.55,7671.03,INR,UNMATCHED_DISPUTED
LEDGER_1016,2026-08-16,ORD_20260822_1016,5748.95,86.23,5662.72,INR,SETTLED
LEDGER_1176,2026-08-05,ORD_20260825_1176,3263.5,65.27,3198.23,INR,UNMATCHED_DISPUTED
LEDGER_1210,2026-08-16,ORD_20260823_1210,5682.2,113.64,5568.56,INR,UNMATCHED_DISPUTED
LEDGER_1150,2026-08-09,ORD_20260825_1150,15848.98,316.98,15532.0,INR,SETTLED
LEDGER_1026,2026-08-07,ORD_20260816_1026,13969.25,349.23,13620.02,INR,SETTLED
LEDGER_1134,2026-08-13,ORD_20260813_1134,19433.51,388.67,19044.84,INR,SETTLED
LEDGER_1034,2026-08-14,ORD_20260816_1034,8276.14,124.14,8152.0,INR,SETTLED
LEDGER_1141,2026-08-08,ORD_20260825_1141,19624.65,392.49,19232.16,INR,SETTLED
LEDGER_1207,2026-08-05,ORD_20260820_1207,13483.45,269.67,13213.78,INR,UNMATCHED_DISPUTED
LEDGER_1069,2026-08-13,ORD_20260814_1069,3281.68,82.04,3199.64,INR,SETTLED
LEDGER_1187,2026-08-14,ORD_20260815_1187,2681.19,53.62,2627.57,INR,UNMATCHED_DISPUTED
LEDGER_1077,2026-08-04,ORD_20260824_1077,1228.17,18.42,1209.75,INR,SETTLED
LEDGER_1105,2026-08-16,ORD_20260825_1105,8550.06,128.25,8421.81,INR,SETTLED
LEDGER_1125,2026-08-10,ORD_20260812_1125,2133.12,42.66,2090.46,INR,SETTLED
LEDGER_1157,2026-08-13,ORD_20260812_1157,12580.34,251.61,12328.73,INR,SETTLED
LEDGER_1020,2026-08-01,ORD_20260819_1020,6804.1,136.08,6668.02,INR,SETTLED
LEDGER_1155,2026-08-14,ORD_20260819_1155,7810.8,156.22,7654.58,INR,SETTLED
LEDGER_1050,2026-08-09,ORD_20260816_1050,10905.38,163.58,10741.8,INR,SETTLED
LEDGER_1072,2026-08-11,ORD_20260812_1072,4614.9,115.37,4499.53,INR,SETTLED
LEDGER_1083,2026-08-14,ORD_20260824_1083,6528.73,97.93,6430.8,INR,SETTLED
LEDGER_1031,2026-08-14,ORD_20260825_1031,4023.46,80.47,3942.99,INR,SETTLED
LEDGER_1009,2026-08-04,ORD_20260819_1009,14785.71,221.79,14563.92,INR,SETTLED
LEDGER_1203,2026-08-10,ORD_20260810_1203,5552.52,111.05,5441.47,INR,UNMATCHED_DISPUTED
LEDGER_1178,2026-08-09,ORD_20260813_1178,10003.48,200.07,9803.41,INR,UNMATCHED_DISPUTED
LEDGER_1180,2026-08-12,ORD_20260813_1180,9078.06,181.56,8896.5,INR,UNMATCHED_DISPUTED
LEDGER_1101,2026-08-15,ORD_20260818_1101,13283.65,199.25,13084.4,INR,SETTLED
LEDGER_1019,2026-08-09,ORD_20260813_1019,10384.8,259.62,10125.18,INR,SETTLED
LEDGER_1004,2026-08-06,ORD_20260818_1004,12236.74,183.55,12053.19,INR,SETTLED
LEDGER_1021,2026-08-10,ORD_20260815_1021,7861.38,117.92,7743.46,INR,SETTLED
LEDGER_1066,2026-08-07,ORD_20260810_1066,8038.85,200.97,7837.88,INR,SETTLED
LEDGER_1221,2026-08-06,ORD_20260810_1221,7746.5,154.93,7591.57,INR,PENDING_BANK_CONFIRMATION
LEDGER_1152,2026-08-08,ORD_20260811_1152,12731.73,254.63,12477.1,INR,SETTLED
LEDGER_1088,2026-08-02,ORD_20260814_1088,13069.34,196.04,12873.3,INR,SETTLED
LEDGER_1143,2026-08-09,ORD_20260820_1143,18750.72,375.01,18375.71,INR,SETTLED
LEDGER_1008,2026-08-03,ORD_20260821_1008,8871.61,221.79,8649.82,INR,SETTLED
LEDGER_1082,2026-08-14,ORD_20260814_1082,10743.08,161.15,10581.93,INR,SETTLED
LEDGER_1036,2026-08-06,ORD_20260810_1036,14550.45,218.26,14332.19,INR,SETTLED
LEDGER_1115,2026-08-09,ORD_20260820_1115,3173.27,47.6,3125.67,INR,SETTLED
LEDGER_1079,2026-08-09,ORD_20260825_1079,7026.01,105.39,6920.62,INR,SETTLED
LEDGER_1046,2026-08-09,ORD_20260813_1046,1562.28,23.43,1538.85,INR,SETTLED
LEDGER_1186,2026-08-12,ORD_20260813_1186,3713.44,74.27,3639.17,INR,UNMATCHED_DISPUTED
LEDGER_1200,2026-08-07,ORD_20260819_1200,6571.4,131.43,6439.97,INR,UNMATCHED_DISPUTED
LEDGER_1182,2026-08-01,ORD_20260812_1182,10342.16,206.84,10135.32,INR,UNMATCHED_DISPUTED
LEDGER_1057,2026-08-14,ORD_20260817_1057,13036.78,195.55,12841.23,INR,SETTLED
LEDGER_1127,2026-08-02,ORD_20260825_1127,9317.42,186.35,9131.07,INR,SETTLED
LEDGER_1195,2026-08-13,ORD_20260823_1195,12756.45,255.13,12501.32,INR,UNMATCHED_DISPUTED
LEDGER_1117,2026-08-04,ORD_20260819_1117,1735.12,26.03,1709.09,INR,SETTLED
LEDGER_1146,2026-08-14,ORD_20260822_1146,5437.69,108.75,5328.94,INR,SETTLED
LEDGER_1114,2026-08-10,ORD_20260825_1114,1987.52,29.81,1957.71,INR,SETTLED
LEDGER_1058,2026-08-08,ORD_20260823_1058,12132.41,303.31,11829.1,INR,SETTLED
LEDGER_1040,2026-08-02,ORD_20260811_1040,11345.65,170.18,11175.47,INR,SETTLED
LEDGER_1205,2026-08-01,ORD_20260812_1205,11632.6,232.65,11399.95,INR,UNMATCHED_DISPUTED
LEDGER_1214,2026-08-16,ORD_20260820_1214,1399.88,28.0,1371.88,INR,PENDING_BANK_CONFIRMATION
LEDGER_1109,2026-08-04,ORD_20260818_1109,4946.03,74.19,4871.84,INR,SETTLED
LEDGER_1116,2026-08-02,ORD_20260822_1116,7630.33,190.76,7439.57,INR,SETTLED
LEDGER_1014,2026-08-13,ORD_20260820_1014,3583.08,71.66,3511.42,INR,SETTLED
LEDGER_1042,2026-08-13,ORD_20260812_1042,10290.58,154.36,10136.22,INR,SETTLED
LEDGER_1038,2026-08-10,ORD_20260818_1038,13934.51,278.69,13655.82,INR,SETTLED
LEDGER_1137,2026-08-16,ORD_20260819_1137,9324.21,186.48,9137.73,INR,SETTLED
LEDGER_1024,2026-08-03,ORD_20260812_1024,1741.98,34.84,1707.14,INR,SETTLED
LEDGER_1106,2026-08-10,ORD_20260824_1106,11997.53,179.96,11817.57,INR,SETTLED
LEDGER_1078,2026-08-14,ORD_20260820_1078,14275.57,285.51,13990.06,INR,SETTLED
LEDGER_1056,2026-08-14,ORD_20260813_1056,5628.34,140.71,5487.63,INR,SETTLED
LEDGER_1124,2026-08-05,ORD_20260813_1124,11346.69,226.93,11119.76,INR,SETTLED
LEDGER_1055,2026-08-12,ORD_20260819_1055,5787.45,86.81,5700.64,INR,SETTLED
LEDGER_1094,2026-08-10,ORD_20260813_1094,11777.98,176.67,11601.31,INR,SETTLED
LEDGER_1151,2026-08-13,ORD_20260812_1151,17183.54,343.67,16839.87,INR,SETTLED
LEDGER_1196,2026-08-09,ORD_20260813_1196,7547.93,150.96,7396.97,INR,UNMATCHED_DISPUTED
LEDGER_1159,2026-08-06,ORD_20260824_1159,18122.98,362.46,17760.52,INR,SETTLED
LEDGER_1067,2026-08-04,ORD_20260820_1067,9535.75,238.39,9297.36,INR,SETTLED
LEDGER_1133,2026-08-11,ORD_20260811_1133,9641.69,192.83,9448.86,INR,SETTLED
LEDGER_1212,2026-08-07,ORD_20260810_1212,2033.17,40.66,1992.51,INR,PENDING_BANK_CONFIRMATION
LEDGER_1129,2026-08-06,ORD_20260818_1129,11948.69,238.97,11709.72,INR,SETTLED
LEDGER_1064,2026-08-14,ORD_20260821_1064,11063.9,221.28,10842.62,INR,SETTLED
LEDGER_1175,2026-08-02,ORD_20260823_1175,3817.1,76.34,3740.76,INR,UNMATCHED_DISPUTED
LEDGER_1216,2026-08-12,ORD_20260817_1216,4251.97,85.04,4166.93,INR,PENDING_BANK_CONFIRMATION
LEDGER_1198,2026-08-12,ORD_20260823_1198,11679.66,233.59,11446.07,INR,UNMATCHED_DISPUTED
LEDGER_1223,2026-08-04,ORD_20260812_1223,3775.34,75.51,3699.83,INR,PENDING_BANK_CONFIRMATION
LEDGER_1099,2026-08-09,ORD_20260815_1099,11140.03,278.5,10861.53,INR,SETTLED
LEDGER_1113,2026-08-10,ORD_20260818_1113,1159.98,17.4,1142.58,INR,SETTLED
LEDGER_1103,2026-08-09,ORD_20260821_1103,12068.57,241.37,11827.2,INR,SETTLED
LEDGER_1112,2026-08-01,ORD_20260817_1112,5732.78,114.66,5618.12,INR,SETTLED
LEDGER_1095,2026-08-13,ORD_20260819_1095,8849.05,176.98,8672.07,INR,SETTLED
LEDGER_1032,2026-08-15,ORD_20260823_1032,5637.31,112.75,5524.56,INR,SETTLED
LEDGER_1070,2026-08-10,ORD_20260819_1070,6388.09,95.82,6292.27,INR,SETTLED
LEDGER_1085,2026-08-14,ORD_20260817_1085,7579.33,151.59,7427.74,INR,SETTLED
LEDGER_1013,2026-08-13,ORD_20260817_1013,12416.14,248.32,12167.82,INR,SETTLED
LEDGER_1177,2026-08-14,ORD_20260824_1177,10716.32,214.33,10501.99,INR,UNMATCHED_DISPUTED
LEDGER_1074,2026-08-15,ORD_20260825_1074,9363.47,140.45,9223.02,INR,SETTLED
LEDGER_1049,2026-08-05,ORD_20260818_1049,2173.72,32.61,2141.11,INR,SETTLED
LEDGER_1156,2026-08-06,ORD_20260823_1156,11752.63,235.05,11517.58,INR,SETTLED
LEDGER_1179,2026-08-08,ORD_20260821_1179,7763.98,155.28,7608.7,INR,UNMATCHED_DISPUTED
LEDGER_1122,2026-08-10,ORD_20260819_1122,1620.16,32.4,1587.76,INR,SETTLED
LEDGER_1165,2026-08-05,ORD_20260818_1165,13877.52,277.55,13599.97,INR,SETTLED
LEDGER_1102,2026-08-11,ORD_20260822_1102,5377.75,107.56,5270.19,INR,SETTLED
LEDGER_1211,2026-08-02,ORD_20260811_1211,2153.89,43.08,2110.81,INR,PENDING_BANK_CONFIRMATION
LEDGER_1080,2026-08-10,ORD_20260817_1080,4481.66,67.22,4414.44,INR,SETTLED
LEDGER_1081,2026-08-05,ORD_20260820_1081,13448.89,201.73,13247.16,INR,SETTLED
LEDGER_1011,2026-08-08,ORD_20260812_1011,9332.4,139.99,9192.41,INR,SETTLED
LEDGER_1154,2026-08-02,ORD_20260819_1154,18165.06,363.3,17801.76,INR,SETTLED
LEDGER_1167,2026-08-10,ORD_20260814_1167,2712.53,54.25,2658.28,INR,SETTLED
LEDGER_1052,2026-08-06,ORD_20260814_1052,9738.14,194.76,9543.38,INR,SETTLED
LEDGER_1076,2026-08-14,ORD_20260810_1076,13443.57,201.65,13241.92,INR,SETTLED
LEDGER_1010,2026-08-07,ORD_20260821_1010,2858.48,57.17,2801.31,INR,SETTLED
LEDGER_1220,2026-08-13,ORD_20260823_1220,2671.36,53.43,2617.93,INR,PENDING_BANK_CONFIRMATION
LEDGER_1219,2026-08-13,ORD_20260820_1219,4818.19,96.36,4721.83,INR,PENDING_BANK_CONFIRMATION
LEDGER_1168,2026-08-12,ORD_20260815_1168,4815.1,96.3,4718.8,INR,SETTLED
LEDGER_1047,2026-08-15,ORD_20260817_1047,5858.14,87.87,5770.27,INR,SETTLED
LEDGER_1123,2026-08-09,ORD_20260812_1123,14060.31,281.21,13779.1,INR,SETTLED
LEDGER_1119,2026-08-02,ORD_20260823_1119,4928.01,123.2,4804.81,INR,SETTLED
LEDGER_1045,2026-08-01,ORD_20260824_1045,5084.57,76.27,5008.3,INR,SETTLED
LEDGER_1087,2026-08-01,ORD_20260810_1087,13650.47,341.26,13309.21,INR,SETTLED
LEDGER_1190,2026-08-16,ORD_20260824_1190,2790.73,55.81,2734.92,INR,UNMATCHED_DISPUTED
LEDGER_1202,2026-08-01,ORD_20260818_1202,12493.88,249.88,12244.0,INR,UNMATCHED_DISPUTED
LEDGER_1183,2026-08-07,ORD_20260820_1183,14854.67,297.09,14557.58,INR,UNMATCHED_DISPUTED
LEDGER_1035,2026-08-15,ORD_20260817_1035,13180.05,197.7,12982.35,INR,SETTLED
LEDGER_1086,2026-08-06,ORD_20260820_1086,10198.67,203.97,9994.7,INR,SETTLED
LEDGER_1149,2026-08-14,ORD_20260810_1149,14726.43,294.53,14431.9,INR,SETTLED
LEDGER_1027,2026-08-15,ORD_20260821_1027,6852.45,171.31,6681.14,INR,SETTLED
LEDGER_1161,2026-08-13,ORD_20260819_1161,4785.12,95.7,4689.42,INR,SETTLED
LEDGER_1169,2026-08-16,ORD_20260818_1169,18366.93,367.34,17999.59,INR,SETTLED
LEDGER_1201,2026-08-12,ORD_20260813_1201,12989.85,259.8,12730.05,INR,UNMATCHED_DISPUTED
LEDGER_1089,2026-08-13,ORD_20260816_1089,7093.14,141.86,6951.28,INR,SETTLED
LEDGER_1192,2026-08-03,ORD_20260812_1192,9907.87,198.16,9709.71,INR,UNMATCHED_DISPUTED
LEDGER_1092,2026-08-05,ORD_20260810_1092,9509.37,142.64,9366.73,INR,SETTLED
LEDGER_1213,2026-08-10,ORD_20260814_1213,6231.21,124.62,6106.59,INR,PENDING_BANK_CONFIRMATION
LEDGER_1065,2026-08-09,ORD_20260822_1065,13542.82,203.14,13339.68,INR,SETTLED
LEDGER_1096,2026-08-04,ORD_20260817_1096,1977.57,39.55,1938.02,INR,SETTLED
LEDGER_1185,2026-08-05,ORD_20260814_1185,5604.57,112.09,5492.48,INR,UNMATCHED_DISPUTED
LEDGER_1163,2026-08-02,ORD_20260822_1163,6215.13,124.3,6090.83,INR,SETTLED
LEDGER_1012,2026-08-08,ORD_20260818_1012,14848.09,371.2,14476.89,INR,SETTLED
LEDGER_1121,2026-08-14,ORD_20260812_1121,3974.12,79.48,3894.64,INR,SETTLED
LEDGER_1100,2026-08-09,ORD_20260824_1100,6815.83,170.4,6645.43,INR,SETTLED
LEDGER_1006,2026-08-09,ORD_20260821_1006,12788.67,319.72,12468.95,INR,SETTLED
LEDGER_1142,2026-08-05,ORD_20260816_1142,18515.49,370.31,18145.18,INR,SETTLED
LEDGER_1189,2026-08-02,ORD_20260824_1189,14290.4,285.81,14004.59,INR,UNMATCHED_DISPUTED
LEDGER_1130,2026-08-14,ORD_20260818_1130,4448.29,88.97,4359.32,INR,SETTLED
LEDGER_1140,2026-08-10,ORD_20260814_1140,10469.13,209.38,10259.75,INR,SETTLED
LEDGER_1194,2026-08-04,ORD_20260823_1194,12310.25,246.21,12064.04,INR,UNMATCHED_DISPUTED
LEDGER_1018,2026-08-09,ORD_20260822_1018,9140.38,182.81,8957.57,INR,SETTLED
LEDGER_1093,2026-08-12,ORD_20260816_1093,7242.99,144.86,7098.13,INR,SETTLED
LEDGER_1135,2026-08-07,ORD_20260824_1135,8851.7,177.03,8674.67,INR,SETTLED
LEDGER_1022,2026-08-01,ORD_20260816_1022,2716.17,40.74,2675.43,INR,SETTLED
LEDGER_1172,2026-08-09,ORD_20260818_1172,7912.22,158.24,7753.98,INR,UNMATCHED_DISPUTED
LEDGER_1171,2026-08-13,ORD_20260822_1171,3173.94,63.48,3110.46,INR,UNMATCHED_DISPUTED
LEDGER_1048,2026-08-10,ORD_20260810_1048,10184.02,254.6,9929.42,INR,SETTLED
LEDGER_1107,2026-08-16,ORD_20260819_1107,10127.42,202.55,9924.87,INR,SETTLED
LEDGER_1147,2026-08-05,ORD_20260822_1147,8335.5,166.71,8168.79,INR,SETTLED
LEDGER_1209,2026-08-04,ORD_20260824_1209,5551.17,111.02,5440.15,INR,UNMATCHED_DISPUTED
LEDGER_1091,2026-08-02,ORD_20260812_1091,11827.88,295.7,11532.18,INR,SETTLED
LEDGER_1158,2026-08-09,ORD_20260814_1158,5411.58,108.23,5303.35,INR,SETTLED
LEDGER_1001,2026-08-08,ORD_20260813_1001,862.66,17.25,845.41,INR,SETTLED
LEDGER_1110,2026-08-06,ORD_20260813_1110,11271.78,281.79,10989.99,INR,SETTLED
LEDGER_1075,2026-08-16,ORD_20260816_1075,10916.02,218.32,10697.7,INR,SETTLED
LEDGER_1037,2026-08-06,ORD_20260816_1037,13037.43,195.56,12841.87,INR,SETTLED
LEDGER_1184,2026-08-08,ORD_20260816_1184,12569.69,251.39,12318.3,INR,UNMATCHED_DISPUTED
LEDGER_1225,2026-08-10,ORD_20260812_1225,3468.25,69.36,3398.89,INR,PENDING_BANK_CONFIRMATION
LEDGER_1148,2026-08-15,ORD_20260820_1148,17524.31,350.49,17173.82,INR,SETTLED
LEDGER_1132,2026-08-10,ORD_20260823_1132,14179.8,283.6,13896.2,INR,SETTLED
LEDGER_1162,2026-08-10,ORD_20260821_1162,11921.43,238.43,11683.0,INR,SETTLED
LEDGER_1005,2026-08-04,ORD_20260818_1005,2754.45,55.09,2699.36,INR,SETTLED
LEDGER_1138,2026-08-10,ORD_20260817_1138,14485.87,289.72,14196.15,INR,SETTLED
LEDGER_1153,2026-08-04,ORD_20260812_1153,9245.46,184.91,9060.55,INR,SETTLED
LEDGER_1128,2026-08-08,ORD_20260818_1128,1491.43,29.83,1461.6,INR,SETTLED
LEDGER_1215,2026-08-13,ORD_20260823_1215,1817.71,36.35,1781.36,INR,PENDING_BANK_CONFIRMATION
LEDGER_1029,2026-08-08,ORD_20260812_1029,10763.69,161.46,10602.23,INR,SETTLED
LEDGER_1017,2026-08-14,ORD_20260814_1017,9597.97,239.95,9358.02,INR,SETTLED
LEDGER_1118,2026-08-15,ORD_20260817_1118,11747.56,234.95,11512.61,INR,SETTLED
LEDGER_1160,2026-08-14,ORD_20260819_1160,13139.84,262.8,12877.04,INR,SETTLED
LEDGER_1204,2026-08-05,ORD_20260821_1204,4358.27,87.17,4271.1,INR,UNMATCHED_DISPUTED
LEDGER_1164,2026-08-12,ORD_20260817_1164,12534.23,250.68,12283.55,INR,SETTLED
LEDGER_1108,2026-08-11,ORD_20260823_1108,14951.16,373.78,14577.38,INR,SETTLED
LEDGER_1062,2026-08-11,ORD_20260822_1062,10353.01,258.83,10094.18,INR,SETTLED
